source_row,split
0,train
1,train
2,test
3,train
4,train
5,test
6,train
7,test
8,train
9,train
10,test
11,train
12,train
13,train
14,train
15,train
16,train
17,train
18,train
19,train
20,test
21,train
22,train
23,test
24,train
25,test
26,train
27,test
28,train
29,train
30,train
31,train
32,train
33,test
34,train
35,test
36,train
37,train
38,train
39,train
40,test
41,train
42,train
43,train
44,test
45,train
46,test
47,train
48,train
49,test
50,train
51,train
52,test
53,train
54,train
55,train
56,train
57,train
58,train
59,train
60,test
61,test
62,test
63,train
64,train
65,train
66,train
67,train
68,train
69,train
70,train
71,train
72,train
73,train
74,train
75,train
76,test
77,train
78,train
79,test
80,train
81,test
82,train
83,train
84,train
85,test
86,train
87,train
88,train
89,train
90,train
91,train
92,train
93,train
94,train
95,test
96,train
97,test
98,train
99,train
100,train
101,train
102,train
103,train
104,train
105,train
106,train
107,test
108,train
109,train
110,train
111,test
112,train
113,train
114,train
115,train
116,train
117,train
118,train
119,train
120,train
121,test
122,train
123,train
124,train
125,train
126,train
127,train
128,test
129,train
130,train
131,train
132,train
133,train
134,train
135,train
136,test
137,train
138,train
139,train
140,train
141,test
142,train
143,train
144,train
145,test
146,train
147,train
148,train
149,test
150,train
151,train
152,test
153,train
154,train
155,train
156,train
157,train
158,train
159,test
160,train
161,train
162,train
163,train
164,test
165,train
166,train
167,train
168,train
169,train
170,train
171,train
172,train
173,train
174,train
175,train
176,train
177,train
178,train
179,train
180,test
181,train
182,train
183,test
184,test
185,train
186,train
187,train
188,train
189,train
190,train
191,train
192,train
193,train
194,train
195,train
196,train
197,test
198,train
199,train
200,test
201,test
202,train
203,train
204,test
205,test
206,train
207,train
208,train
209,train
210,train
211,train
212,train
213,train
214,train
215,train
216,train
217,train
218,train
219,train
220,train
221,train
222,train
223,train
224,test
225,train
226,train
227,test
228,test
229,test
230,train
231,train
232,train
233,train
234,train
235,test
236,train
237,train
238,train
239,train
240,train
241,train
242,train
243,train
244,train
245,train
246,test
247,test
248,train
249,train
250,train
251,train
252,train
253,train
254,test
255,train
256,train
257,train
258,test
259,test
260,train
261,test
262,test
263,train
264,train
265,train
266,train
267,train
268,train
269,train
270,train
271,train
272,train
273,train
274,train
275,train
276,train
277,test
278,train
279,test
280,train
281,train
282,train
283,train
284,train
285,train
286,train
287,test
288,train
289,train
290,train
291,train
292,train
293,train
294,train
295,train
296,train
297,train
298,train
299,test
300,test
301,train
302,train
303,train
304,train
305,train
306,test
307,train
308,test
309,train
310,train
311,train
312,train
313,train
314,test
315,train
316,test
317,train
318,test
319,train
320,train
321,train
322,train
323,test
324,train
325,train
326,train
327,test
328,test
329,train
330,train
331,train
332,train
333,test
334,train
335,train
336,train
337,train
338,train
339,train
340,train
341,train
342,train
343,train
344,train
345,test
346,test
347,train
348,train
349,train
350,train
351,train
352,train
353,train
354,train
355,train
356,test
357,train
358,test
359,train
360,test
361,train
362,train
363,train
364,train
365,train
366,train
367,train
368,train
369,train
370,train
371,train
372,train
373,train
374,train
375,train
376,train
377,train
378,test
379,train
380,test
381,train
382,test
383,train
384,train
385,train
386,test
387,train
388,train
389,train
390,train
391,test
392,train
393,train
394,train
395,train
396,train
397,train
398,train
399,test
400,train
401,test
402,train
403,test
404,train
405,train
406,train
407,train
408,train
409,train
410,test
411,train
412,train
413,train
414,train
415,train
416,train
417,test
418,train
419,train
420,train
421,train
422,train
423,train
424,train
425,train
426,train
427,train
428,train
429,train
430,train
431,train
432,test
433,train
434,train
435,train
436,train
437,test
438,train
439,train
440,test
441,train
442,test
443,train
444,train
445,test
446,test
447,test
448,train
449,train
450,test
451,train
452,train
453,train
454,train
455,train
456,train
457,train
458,train
459,train
460,test
461,train
462,train
463,train
464,test
465,train
466,train
467,test
468,train
469,train
470,train
471,train
472,train
473,train
474,test
475,train
476,train
477,train
478,test
479,train
480,train
481,train
482,train
483,train
484,test
485,test
486,train
487,train
488,train
489,test
490,train
491,test
492,train
493,train
494,train
495,train
496,train
497,train
498,train
499,train
500,train
501,train
502,train
503,test
504,train
505,test
506,train
507,train
508,train
509,train
510,train
511,train
512,train
513,train
514,train
515,test
516,train
517,train
518,train
519,train
520,train
521,train
522,train
523,train
524,test
525,train
526,train
527,train
528,test
529,train
530,train
531,train
532,train
533,train
534,train
535,train
536,train
537,train
538,train
539,train
540,train
541,train
542,train
543,train
544,train
545,train
546,test
547,train
548,train
549,train
550,train
551,train
552,train
553,test
554,train
555,train
556,train
557,train
558,test
559,train
560,train
561,test
562,test
563,test
564,train
565,train
566,test
567,train
568,train
569,train
570,train
571,train
572,train
573,train
574,train
575,train
576,test
577,train
578,train
579,test
580,train
581,train
582,train
583,train
584,test
585,train
586,train
587,train
588,test
589,test
590,test
591,train
592,train
593,train
594,train
595,train
596,train
597,test
598,test
599,test
600,test
601,train
602,test
603,train
604,train
605,test
606,test
607,train
608,train
609,train
610,train
611,train
612,train
613,test
614,train
615,train
616,train
617,train
618,train
619,train
620,test
621,train
622,train
623,train
624,train
625,train
626,train
627,test
628,train
629,train
630,train
631,train
632,train
633,train
634,test
635,train
636,train
637,train
638,train
639,train
640,train
641,train
642,train
643,train
644,train
645,train
646,test
647,train
648,train
649,train
650,train
651,train
652,train
653,train
654,train
655,train
656,train
657,test
658,train
659,train
660,train
661,train
662,train
663,train
664,test
665,train
666,train
667,test
668,train
669,test
670,train
671,test
672,train
673,train
674,test
675,test
676,train
677,train
678,train
679,test
680,train
681,train
682,train
683,train
684,train
685,train
686,train
687,train
688,test
689,train
690,train
691,train
692,train
693,train
694,test
695,train
696,train
697,train
698,test
699,train
700,train
701,train
702,train
703,train
704,test
705,train
706,train
707,test
708,train
709,train
710,train
711,train
712,train
713,train
714,train
715,train
716,train
717,test
718,test
719,train
720,train
721,train
722,train
723,train
724,train
725,train
726,test
727,test
728,train
729,train
730,train
731,train
732,train
733,train
734,train
735,train
736,test
737,train
738,train
739,train
740,train
741,train
742,train
743,train
744,train
745,train
746,test
747,train
748,train
749,test
750,test
751,train
752,train
753,test
754,train
755,train
756,train
757,train
758,test
759,train
760,train
761,train
762,train
763,train
764,test
765,train
766,train
767,train
768,train
769,train
770,train
771,train
772,train
773,train
774,train
775,train
776,train
777,train
778,train
779,train
780,train
781,test
782,train
783,train
784,train
785,train
786,train
787,train
788,train
789,train
790,test
791,test
792,train
793,train
794,train
795,train
796,train
797,train
798,train
799,train
800,train
801,test
802,train
803,train
804,train
805,test
806,train
807,train
808,test
809,test
810,train
811,train
812,train
813,train
814,test
815,train
816,train
817,test
818,train
819,train
820,train
821,train
822,train
823,train
824,test
825,train
826,train
827,test
828,train
829,train
830,test
831,test
832,train
833,train
834,train
835,train
836,test
837,train
838,test
839,train
840,test
841,train
842,test
843,train
844,train
845,train
846,train
847,train
848,train
849,train
850,train
851,test
852,train
853,train
854,train
855,train
856,test
857,train
858,test
859,train
860,train
861,test
862,train
863,train
864,train
865,train
866,train
867,test
868,train
869,train
870,train
871,train
872,train
873,train
874,train
875,test
876,train
877,train
878,test
879,train
880,train
881,train
882,train
883,train
884,train
885,train
886,test
887,test
888,train
889,train
890,train
891,test
892,train
893,train
894,test
895,train
896,train
897,train
898,train
899,test
900,train
901,test
902,train
903,train
904,train
905,test
906,train
907,train
908,train
909,test
910,train
911,train
912,train
913,train
914,train
916,train
917,test
918,train
919,train
920,train
921,train
922,test
923,train
924,train
925,test
926,train
927,train
928,train
929,train
930,train
931,train
932,train
933,test
934,train
935,train
936,train
937,train
938,train
939,train
940,train
941,train
942,train
943,train
944,train
945,train
946,test
947,train
948,train
949,test
950,train
951,test
952,train
953,train
954,test
955,train
956,train
957,train
958,train
959,test
960,test
961,train
962,train
963,train
964,train
965,test
966,train
967,train
968,test
969,train
970,train
971,test
972,train
973,train
974,test
975,train
976,train
977,train
978,train
979,train
980,train
981,train
982,test
983,train
984,train
985,train
986,train
987,train
988,train
989,train
990,test
991,train
992,train
993,train
994,train
995,train
996,train
997,train
998,train
999,test
1000,train
1001,train
1002,train
1003,test
1004,train
1005,train
1006,train
1007,test
1008,train
1009,train
1010,train
1011,train
1012,train
1013,train
1014,train
1015,train
1016,test
1017,train
1018,train
1019,train
1020,train
1021,train
1022,train
1023,train
1024,test
1025,train
1026,train
1027,train
1028,train
1029,train
1030,test
1031,train
1032,train
1033,train
1034,train
1035,train
1036,train
1037,train
1038,test
1039,train
1040,train
1041,train
1042,test
1043,test
1044,train
1045,train
1046,train
1047,train
1048,train
1049,train
1050,test
1051,train
1052,train
1053,train
1054,train
1055,train
1056,train
1057,train
1058,train
1059,test
1060,train
1061,train
1062,test
1063,train
1064,train
1065,train
1066,train
1067,train
1068,train
1069,test
1070,train
1071,train
1072,train
1073,train
1074,train
1075,train
1076,train
1077,test
1078,train
1079,train
1080,test
1081,test
1082,test
1083,train
1084,train
1085,train
1086,train
1087,train
1088,train
1089,train
1090,train
1091,test
1092,train
1093,train
1094,train
1095,train
1096,train
1097,train
1098,train
1099,test
1100,train
1101,train
1102,train
1103,train
1104,train
1105,train
1106,train
1107,train
1108,train
1109,train
1110,train
1111,train
1112,train
1113,train
1114,train
1115,test
1116,train
1117,train
1118,test
1119,train
1120,train
1121,train
1122,train
1123,train
1124,test
1125,train
1126,train
1127,test
1128,train
1129,train
1130,train
1131,test
1132,train
1133,train
1134,train
1135,train
1136,train
1137,train
1138,test
1139,train
1140,test
1141,train
1142,train
1143,test
1144,train
1145,train
1146,train
1147,train
1148,train
1149,train
1150,train
1151,test
1152,train
1153,train
1154,train
1155,train
1156,train
1157,train
1158,train
1159,train
1160,test
1161,train
1162,train
1163,test
1164,train
1165,train
1166,train
1167,train
1168,train
1169,train
1170,train
1171,train
1172,train
1173,train
1174,test
1175,train
1176,train
1177,train
1178,train
1179,train
1180,train
1181,train
1182,train
1183,test
1184,train
1185,test
1186,train
1187,train
1188,train
1189,train
1190,train
1191,train
1192,train
1193,test
1194,test
1195,train
1196,test
1197,train
1198,test
1199,train
1200,train
1201,train
1202,test
1203,test
1204,test
1205,train
1206,train
1207,train
1208,train
1209,train
1210,train
1211,train
1212,train
1213,train
1214,test
1215,train
1216,train
1217,train
1218,train
1219,train
1220,test
1221,train
1222,train
1223,train
1224,train
1225,train
1226,train
1227,train
1228,train
1229,train
1230,train
1231,train
1232,train
1233,train
1234,test
1235,test
1236,train
1237,train
1238,train
1239,train
1240,train
1241,test
1242,train
1243,test
1244,train
1245,train
1246,train
1247,train
1248,train
1249,train
1250,train
1251,train
1252,train
1253,test
1254,train
1255,train
1256,train
1257,train
1258,train
1259,test
1260,test
1261,train
1262,train
1263,train
1264,train
1265,train
1266,train
1267,train
1268,train
1269,train
1270,train
1271,train
1272,train
1273,train
1274,train
1275,train
1276,test
1277,train
1278,train
1279,train
1280,train
1281,train
1282,test
1283,train
1284,train
1285,train
1286,test
1287,train
1288,test
1289,test
1290,train
1291,train
1292,train
1293,test
1294,train
1295,train
1296,test
1297,test
1298,train
1299,test
1300,train
1301,train
1302,test
1303,train
1304,train
1305,train
1306,train
1307,train
1308,train
1309,train
1310,train
1311,test
1312,train
1313,train
1314,test
1315,train
1316,test
1317,train
1318,test
1319,train
1320,test
1321,train
1322,train
1323,test
1324,train
1325,train
1326,train
1327,train
1328,train
1329,train
1330,train
1331,train
1332,train
1333,train
1334,train
1335,train
1336,train
1337,train
1338,train
1339,train
1340,train
1341,train
1342,train
1343,train
1344,train
1345,test
1346,train
1347,train
1348,train
1349,train
1350,train
1351,train
1352,train
1353,train
1354,train
1355,train
1356,train
1357,train
1358,train
1359,train
1360,train
1361,test
1362,train
1363,train
1364,train
1365,train
1366,train
1367,test
1368,train
1369,test
1370,train
1371,train
1372,test
1373,train
1374,train
1375,train
1376,train
1377,train
1378,train
1379,train
1380,train
1381,train
1382,train
1383,train
1384,test
1385,train
1386,train
1387,train
1388,train
1389,train
1390,train
1391,train
1392,train
1393,train
1394,test
1395,test
1396,train
1397,train
1398,train
1399,test
1400,train
1401,train
1402,train
1403,train
1404,train
1405,train
1406,train
1407,train
1408,train
1409,test
1410,train
1411,test
1412,train
1413,train
1414,train
1415,train
1416,train
1417,train
1418,train
1419,train
1420,test
1421,train
1422,train
1423,train
1424,train
1425,test
1426,train
1427,test
1428,train
1429,train
1430,train
1431,train
1432,train
1433,test
1434,train
1435,train
1436,train
1437,train
1438,train
1439,train
1440,train
1441,train
1442,train
1443,test
1444,train
1445,train
1446,train
1447,train
1448,test
1449,test
1450,train
1451,train
1452,train
1453,train
1454,test
1455,test
1456,train
1457,train
1458,train
1459,test
1460,test
1461,train
1462,train
1463,test
1464,train
1465,train
1466,train
1467,train
1468,train
1469,test
1470,train
1471,train
1472,train
1473,train
1474,train
1475,train
1476,train
1478,train
1479,train
1480,train
1481,test
1482,test
1483,train
1484,train
1485,train
1486,test
1487,train
1488,test
1489,train
1490,test
1491,train
1492,train
1493,train
1494,train
1495,train
1496,train
1497,train
1498,train
1499,test
1500,train
1501,test
1502,test
1503,train
1504,test
1505,train
1506,train
1507,train
1508,train
1509,train
1510,test
1511,train
1512,test
1513,train
1514,train
1515,test
1516,train
1517,train
1518,test
1519,train
1520,train
1521,train
1522,train
1523,train
1524,train
1525,test
1526,train
1527,train
1528,test
1529,train
1530,train
1531,train
1532,test
1533,train
1534,test
1535,train
1536,train
1537,train
1538,test
1539,train
1540,train
1541,train
1542,test
1543,train
1544,train
1545,train
1546,test
1547,train
1548,train
1549,train
1550,train
1551,train
1552,train
1553,train
1554,train
1555,test
1556,train
1557,test
1558,test
1559,train
1560,train
1561,train
1562,test
1563,train
1564,test
1565,train
1566,test
1567,test
1568,train
1569,train
1570,train
1571,test
1572,train
1573,test
1574,train
1575,train
1576,train
1577,train
1578,test
1579,test
1580,train
1581,test
1582,train
1583,test
1584,train
1585,train
1586,train
1587,train
1588,train
1589,test
1590,test
1591,train
1592,train
1593,test
1594,train
1595,train
1596,train
1597,test
1598,test
1599,train
1600,train
1602,train
1603,train
1604,train
1605,test
1606,test
1607,train
1608,test
1609,train
1610,train
1611,test
1612,test
1613,train
1614,train
1615,train
1616,train
1617,train
1618,train
1619,train
1620,train
1621,train
1622,train
1623,train
1624,test
1625,train
1626,train
1627,train
1628,train
1629,train
1630,train
1631,train
1632,test
1633,test
1634,test
1635,train
1636,train
1637,train
1638,train
1639,train
1640,train
1641,train
1642,train
1643,test
1644,train
1645,train
1646,train
1647,train
1648,train
1649,train
1650,train
1651,train
1652,test
1653,train
1654,train
1655,train
1656,train
1657,test
1658,train
1659,train
1660,train
1661,train
1662,test
1663,train
1664,test
1665,train
1666,train
1667,train
1668,train
1669,train
1670,train
1671,train
1672,test
1673,train
1674,test
1675,train
1676,train
1677,test
1678,train
1679,train
1680,train
1681,test
1682,train
1683,train
1684,train
1685,train
1686,train
1687,train
1688,train
1689,train
1690,test
1691,test
1692,train
1693,train
1694,train
1695,train
1696,train
1697,train
1698,train
1699,train
1700,test
1701,train
1702,train
1703,train
1704,train
1705,train
1706,train
1707,train
1708,train
1709,train
1710,train
1711,train
1712,train
1713,test
1714,train
1715,train
1716,train
1717,train
1718,train
1719,train
1720,train
1721,train
1722,train
1723,train
1724,train
1725,train
1726,train
1727,test
1728,train
1729,train
1730,train
1731,train
1732,train
1733,train
1734,train
1735,test
1736,test
1737,train
1738,test
1739,train
1740,test
1741,train
1742,train
1743,test
1744,train
1745,train
1746,train
1747,train
1748,train
1749,train
1750,train
1751,train
1752,train
1753,train
1754,train
1755,test
1756,test
1757,train
1758,train
1759,train
1760,train
1761,train
1762,train
1763,train
1764,train
1765,train
1766,train
1767,test
1768,train
1769,train
1770,train
1771,test
1772,train
1773,train
1774,train
1775,train
1776,train
1777,train
1778,test
1779,train
1780,train
1781,train
1782,train
1783,test
1784,train
1785,train
1787,train
1788,train
1789,train
1790,train
1791,test
1792,train
1793,train
1794,test
1795,train
1796,train
1797,train
1798,train
1799,test
1800,train
1801,test
1802,train
1803,train
1804,test
1805,train
1806,train
1807,train
1808,train
1809,test
1810,train
1811,train
1812,train
1813,train
1814,test
1815,train
1816,train
1817,train
1818,train
1819,test
1820,train
1821,train
1822,train
1823,train
1824,train
1825,train
1826,train
1827,train
1828,test
1829,train
1830,train
1831,test
1832,train
1833,train
1834,train
1835,train
1836,test
1837,train
1838,train
1839,train
1840,test
1841,train
1842,train
1843,train
1844,train
1845,train
1846,train
1847,train
1848,test
1849,test
1850,train
1851,train
1852,test
1853,train
1854,train
1855,train
1856,train
1857,train
1858,train
1859,train
1860,train
1861,train
1862,train
1863,train
1864,train
1865,test
1866,train
1867,train
1868,train
1869,train
1870,train
1871,train
1872,train
1873,train
1874,train
1875,test
1876,test
1877,train
1878,train
1879,train
1880,train
1881,train
1882,train
1883,train
1884,train
1885,train
1886,test
1887,test
1888,train
1889,test
1890,test
1891,test
1892,train
1893,train
1894,train
1895,train
1896,train
1897,train
1898,train
1899,train
1900,train
1901,test
1902,test
1903,train
1904,test
1905,test
1906,test
1907,train
1908,train
1909,train
1910,train
1911,train
1912,test
1913,train
1914,train
1915,test
1916,train
1917,train
1918,train
1919,train
1920,train
1921,train
1922,train
1923,train
1924,train
1925,train
1926,train
1927,test
1928,train
1929,train
1930,train
1931,train
1932,test
1933,train
1934,train
1935,test
1936,train
1937,test
1938,train
1939,train
1940,train
1941,test
1942,train
1943,train
1944,train
1945,train
1946,train
1947,train
1948,train
1949,train
1950,train
1951,train
1952,train
1953,train
1954,test
1955,train
1956,test
1957,train
1958,test
1959,test
1960,test
1961,train
1962,train
1963,test
1964,train
1965,train
1966,train
1967,train
1968,train
1969,train
1970,train
1971,train
1972,train
1973,train
1974,train
1975,test
1976,train
1977,train
1978,test
1979,train
1980,train
1981,test
1982,train
1983,train
1984,train
1985,train
1986,train
1987,train
1988,train
1989,train
1990,train
1991,train
1992,train
1993,train
1994,train
1995,train
1996,train
1997,train
1998,train
1999,test
2000,train
2001,train
2002,train
2003,train
2004,train
2005,train
2006,train
2007,train
2008,train
2009,train
2010,train
2011,train
2012,train
2013,test
2014,train
2015,train
2016,train
2017,train
2018,train
2019,train
2020,train
2021,train
2022,train
2023,train
2024,train
2025,train
2027,train
2028,train
2029,train
2030,train
2031,train
2032,train
2033,test
2034,train
2035,train
2036,train
2037,train
2038,train
2039,train
2040,test
2041,train
2042,test
2043,test
2044,train
2045,train
2046,train
2047,train
2048,test
2049,train
2050,train
2051,test
2052,train
2053,train
2054,train
2055,train
2056,train
2057,train
2058,train
2059,train
2060,train
2061,train
2062,train
2063,train
2064,train
2065,test
2066,train
2067,test
2068,train
2069,train
2070,train
2071,test
2072,train
2073,train
2074,train
2075,train
2076,train
2077,train
2078,train
2079,train
2080,test
2081,train
2082,train
2083,test
2084,train
2085,train
2086,test
2087,train
2088,train
2089,train
2090,train
2091,train
2092,train
2093,train
2094,train
2095,train
2096,train
2097,train
2098,train
2099,train
2100,train
2101,train
2102,train
2103,train
2104,train
2105,train
2106,train
2107,train
2108,train
2109,train
2110,train
2111,train
2112,train
2113,train
2115,train
2116,train
2117,train
2118,train
2119,train
2120,train
2121,train
2122,test
2123,train
2124,train
2125,test
2126,train
2127,train
2128,train
2129,train
2130,train
2131,train
2132,train
2133,train
2134,train
2135,train
2136,test
2137,train
2138,train
2139,train
2140,train
2141,train
2142,train
2143,train
2144,train
2145,train
2146,train
2147,test
2148,train
2149,train
2150,train
2151,train
2152,train
2153,train
2154,train
2155,train
2156,test
2157,train
2158,test
2159,test
2160,train
2161,train
2162,train
2163,test
2164,train
2165,train
2166,train
2167,train
2168,train
2169,train
2170,train
2171,test
2172,train
2173,train
2174,test
2175,train
2176,train
2177,train
2178,train
2179,train
2180,test
2181,train
2182,train
2183,train
2184,train
2185,train
2186,train
2187,train
2188,train
2189,train
2190,train
2191,train
2192,train
2193,train
2194,train
2195,test
2196,train
2197,test
2198,test
2199,train
2200,train
2201,train
2202,train
2203,train
2204,train
2205,train
2206,train
2207,train
2208,train
2209,train
2210,train
2211,train
2212,train
2213,test
2214,test
2215,train
2216,train
2217,train
2218,train
2219,test
2220,train
2221,test
2222,train
2223,train
2224,train
2225,test
2226,train
2227,train
2228,train
2229,train
2230,test
2231,train
2232,test
2233,train
2234,train
2235,test
2236,test
2237,train
2238,train
2239,train
2240,train
2241,train
2242,test
2243,train
2244,train
2245,test
2246,train
2247,test
2248,train
2249,train
2250,train
2251,test
2252,train
2253,train
2254,test
2255,train
2256,test
2257,train
2258,test
2259,train
2260,train
2261,test
2262,train
2263,train
2264,test
2265,train
2266,test
2267,train
2268,train
2269,test
2270,train
2271,train
2272,train
2273,test
2274,test
2275,train
2276,train
2277,train
2278,train
2279,train
2280,train
2281,test
2282,test
2283,train
2284,train
2285,train
2286,train
2287,train
2288,test
2289,train
2290,train
2291,train
2292,train
2293,train
2294,test
2295,train
2296,test
2297,train
2298,train
2299,train
2300,test
2301,train
2302,train
2303,test
2304,train
2305,test
2306,train
2307,train
2308,train
2309,test
2310,train
2311,train
2312,test
2313,train
2314,train
2315,train
2316,train
2317,train
2318,test
2319,test
2320,test
2321,train
2322,test
2323,train
2324,train
2325,train
2326,train
2327,train
2328,train
2329,train
2330,train
2331,train
2332,train
2333,train
2334,test
2335,test
2336,train
2337,train
2339,train
2340,train
2341,test
2342,test
2343,train
2344,train
2345,train
2346,train
2347,train
2348,train
2349,train
2350,train
2351,test
2352,train
2353,train
2354,train
2355,train
2356,train
2357,train
2358,train
2359,train
2360,train
2361,train
2362,train
2363,test
2364,train
2365,train
2366,test
2367,train
2368,test
2369,train
2370,train
2371,test
2372,train
2373,test
2374,train
2375,train
2376,train
2377,train
2378,test
2379,train
2380,train
2381,train
2382,train
2383,train
2384,train
2385,test
2386,train
2387,train
2388,train
2389,train
2390,train
2391,train
2392,train
2393,train
2394,test
2395,train
2396,train
2397,train
2398,train
2399,train
2400,train
2401,train
2402,train
2403,test
2404,train
2405,train
2406,train
2407,train
2408,train
2409,train
2410,test
2411,train
2412,train
2413,train
2414,test
2415,train
2416,train
2417,train
2418,train
2419,test
2420,train
2421,test
2422,train
2423,train
2424,train
2425,test
2426,train
2427,test
2428,train
2429,train
2430,test
2431,train
2432,train
2433,train
2434,train
2435,train
2436,train
2437,test
2438,train
2439,train
2440,train
2441,train
2442,train
2443,train
2444,train
2445,train
2446,train
2447,test
2448,train
2449,train
2450,train
2451,train
2452,train
2453,train
2454,train
2455,train
2456,train
2457,test
2458,train
2459,test
2460,train
2461,train
2462,train
2463,train
2464,test
2465,train
2467,test
2468,train
2469,train
2470,train
2471,train
2472,train
2473,train
2474,train
2475,train
2476,train
2477,train
2478,train
2479,train
2480,train
2481,train
2482,train
2483,train
2484,train
2485,train
2486,train
2487,train
2488,train
2489,train
2490,train
2491,train
2492,train
2493,train
2494,train
2495,train
2496,train
2497,test
2498,test
2499,test
2500,train
2502,train
2503,test
2504,test
2505,train
2506,train
2507,train
2508,test
2509,train
2510,test
2511,train
2512,test
2513,train
2514,train
2515,train
2516,train
2517,train
2518,train
2519,test
2520,train
2521,train
2522,test
2523,train
2524,train
2525,train
2526,train
2527,train
2528,train
2529,test
2530,train
2531,train
2532,test
2533,train
2534,test
2535,train
2536,train
2537,train
2538,train
2539,train
2540,train
2541,train
2542,train
2543,test
2544,train
2545,test
2546,train
2547,train
2548,train
2549,train
2550,test
2551,train
2552,train
2553,train
2554,test
2555,train
2556,test
2557,train
2558,test
2559,train
2560,train
2561,test
2562,train
2563,train
2564,train
2565,train
2566,train
2567,train
2568,train
2569,test
2570,train
2571,test
2572,train
2573,train
2574,train
2575,train
2577,train
2578,test
2579,train
2580,train
2581,test
2582,test
2583,train
2584,train
2585,train
2586,train
2587,test
2588,train
2589,train
2590,train
2591,train
2592,test
2593,train
2594,train
2595,test
2596,train
2597,train
2598,test
2599,train
2600,train
2601,train
2602,train
2603,train
2604,train
2605,train
2606,train
2607,train
2608,train
2609,train
2610,train
2611,train
2612,train
2613,train
2614,train
2615,train
2616,train
2617,test
2618,test
2619,train
2620,train
2621,train
2622,test
2623,train
2624,train
2625,train
2626,test
2627,train
2628,train
2629,train
2630,train
2631,train
2632,train
2633,test
2634,train
2635,train
2636,train
2637,train
2638,train
2639,train
2640,train
2641,train
2642,test
2643,train
2644,test
2645,test
2646,test
2647,train
2648,train
2649,train
2650,train
2651,train
2652,train
2653,test
2654,train
2655,test
2656,test
2657,train
2658,test
2659,train
2660,train
2661,train
2662,train
2663,test
2664,train
2665,train
2666,test
2667,train
2668,train
2669,train
2670,train
2671,train
2672,train
2673,train
2674,train
2675,test
2676,test
2677,train
2678,train
2679,train
2680,train
2681,test
2682,train
2683,test
2684,train
2685,train
2686,train
2687,train
2688,train
2689,train
2690,train
2691,train
2692,train
2693,train
2694,train
2695,test
2696,test
2697,train
2698,test
2699,test
2700,train
2701,train
2702,train
2703,train
2704,train
2705,train
2706,test
2707,test
2708,test
2709,train
2710,test
2711,train
2712,train
2713,train
2714,train
2715,train
2716,test
2717,train
2718,train
2719,test
2720,train
2721,train
2722,test
2723,train
2724,train
2725,test
2726,train
2727,train
2728,train
2729,train
2730,train
2731,train
2732,train
2733,train
2734,train
2735,train
2736,train
2737,train
2738,train
2739,train
2740,train
2741,train
2742,train
2743,train
2744,train
2745,train
2746,train
2747,train
2748,train
2749,test
2750,train
2751,train
2752,train
2753,test
2754,train
2755,train
2756,train
2757,train
2758,train
2759,train
2760,train
2761,test
2762,test
2763,test
2764,test
2765,train
2766,test
2767,train
2768,train
2769,train
2770,train
2771,train
2772,test
2773,test
2774,train
2775,train
2776,train
2777,train
2778,train
2779,test
2780,train
2781,train
2782,train
2783,train
2784,train
2785,test
2786,train
2787,test
2788,test
2789,train
2790,train
2791,train
2792,train
2793,train
2794,train
2795,test
2796,train
2797,train
2798,test
2799,train
2800,test
2801,train
2802,train
2803,train
2804,test
2805,train
2806,train
2807,train
2808,test
2809,train
2810,test
2811,train
2812,train
2813,test
2814,train
2816,train
2817,train
2818,test
2819,train
2820,train
2821,test
2822,train
2823,test
2824,train
2825,test
2826,train
2827,train
2828,test
2829,train
2830,train
2831,train
2832,train
2833,train
2834,train
2835,train
2836,train
2837,train
2838,test
2839,train
2840,test
2841,test
2842,train
2843,train
2844,train
2845,train
2846,train
2847,test
2848,train
2849,train
2850,train
2851,train
2852,train
2853,train
2854,train
2855,train
2856,train
2857,test
2858,train
2859,train
2860,train
2861,train
2862,train
2863,train
2864,train
2865,test
2866,train
2867,test
2868,train
2869,train
2870,train
2871,train
2872,test
2873,train
2874,test
2875,train
2876,train
2877,test
2878,train
2879,test
2880,test
2881,train
2882,train
2883,train
2884,test
2885,train
2886,train
2887,train
2888,train
2889,train
2890,train
2891,train
2892,train
2893,train
2894,train
2895,train
2896,train
2897,train
2898,train
2899,train
2900,train
2901,train
2902,test
2903,train
2904,train
2905,test
2906,train
2907,train
2908,test
2909,train
2910,train
2911,train
2912,train
2913,train
2914,test
2915,train
2916,train
2917,test
2918,train
2919,train
2920,train
2921,train
2922,train
2923,test
2924,test
2925,train
2926,train
2927,train
2928,train
2929,train
2930,test
2931,train
2932,test
2933,train
2934,test
2935,train
2936,train
2937,train
2938,test
2939,train
2940,test
2941,train
2942,train
2943,train
2944,train
2945,train
2946,train
2947,train
2948,train
2949,train
2950,train
2951,train
2952,test
2953,test
2954,train
2955,test
2956,train
2957,train
2958,train
2959,test
2961,train
2962,train
2963,train
2964,train
2965,train
2966,train
2967,train
2968,train
2969,test
2970,test
2971,train
2972,test
2973,train
2974,test
2975,train
2976,test
2977,train
2978,test
2979,train
2980,train
2981,train
2982,train
2983,test
2984,train
2985,train
2986,train
2987,train
2988,train
2989,train
2990,train
2991,train
2992,train
2993,train
2994,train
2995,test
2996,train
2997,train
2998,train
2999,train
3000,train
3001,train
3002,test
3003,train
3004,train
3005,train
3006,train
3007,train
3008,train
3009,train
3010,train
3011,train
3012,train
3013,test
3014,train
3015,test
3016,train
3017,train
3018,train
3019,train
3020,train
3021,train
3022,train
3023,train
3024,train
3025,train
3026,test
3027,train
3028,train
3029,train
3030,train
3031,train
3032,test
3033,train
3034,train
3035,test
3036,test
3037,train
3038,train
3039,test
3040,train
3041,train
3042,train
3043,train
3044,train
3045,train
3046,train
3047,train
3048,test
3049,test
3050,test
3051,train
3052,train
3053,train
3054,train
3055,train
3056,test
3057,train
3058,train
3059,test
3060,train
3061,train
3062,train
3063,train
3064,train
3065,train
3066,train
3067,test
3068,test
3069,train
3070,train
3071,train
3072,train
3073,train
3074,train
3075,test
3076,train
3077,train
3078,train
3079,train
3080,train
3081,train
3082,test
3083,train
3084,train
3085,train
3086,test
3087,train
3088,test
3089,train
3090,test
3091,train
3092,train
3093,train
3094,train
3095,train
3096,train
3097,train
3098,train
3099,test
3100,train
3101,train
3102,test
3103,test
3104,train
3105,train
3106,train
3107,test
3108,train
3109,train
3110,test
3111,train
3112,train
3113,test
3114,train
3115,train
3116,train
3117,train
3118,train
3119,test
3120,train
3121,train
3122,train
3123,train
3124,train
3125,train
3126,test
3127,train
3128,train
3129,train
3130,train
3131,train
3132,train
3133,train
3134,test
3135,train
3136,test
3137,test
3138,train
3139,train
3140,train
3141,test
3142,train
3143,train
3144,train
3145,train
3146,test
3147,train
3148,train
3149,train
3150,train
3151,test
3152,train
3153,test
3154,test
3155,train
3156,train
3157,train
3158,test
3159,train
3160,test
3161,train
3162,train
3163,train
3164,train
3165,train
3166,train
3167,train
3168,test
3169,train
3170,train
3171,test
3172,train
3173,test
3174,train
3175,train
3176,train
3177,train
3178,train
3179,train
3180,train
3181,train
3182,train
3183,train
3184,train
3185,train
3186,train
3187,train
3188,train
3189,train
3190,train
3191,train
3192,train
3193,train
3194,train
3195,train
3196,train
3197,test
3198,test
3199,train
3200,train
3201,train
3202,train
3203,train
3204,train
3205,train
3206,train
3207,test
3208,train
3209,test
3210,train
3211,train
3212,train
3213,train
3214,train
3215,train
3216,train
3217,train
3218,train
3219,train
3220,train
3221,train
3222,train
3223,train
3224,train
3225,test
3226,train
3227,train
3228,train
3229,test
3230,test
3231,test
3232,train
3233,test
3234,train
3235,train
3236,train
3237,train
3238,train
3239,train
3240,train
3241,test
3242,train
3243,train
3244,train
3245,train
3246,train
3247,train
3248,train
3249,test
3250,test
3251,train
3252,test
3253,test
3254,train
3255,train
3256,train
3257,train
3258,train
3259,train
3260,train
3261,test
3262,train
3263,train
3264,train
3265,train
3266,test
3267,train
3268,train
3269,train
3270,train
3271,train
3272,train
3273,train
3274,train
3275,train
3276,train
3277,train
3278,train
3279,test
3280,train
3281,train
3282,train
3283,train
3284,train
3285,test
3286,train
3287,train
3288,test
3289,train
3290,train
3291,test
3292,train
3293,test
3294,test
3295,train
3296,train
3297,test
3298,train
3299,train
3300,train
3301,test
3302,test
3303,train
3304,test
3305,train
3306,train
3307,train
3308,train
3309,train
3310,train
3311,train
3312,train
3313,train
3314,train
3315,test
3316,train
3317,train
3318,train
3319,train
3320,test
3321,train
3322,train
3323,train
3324,test
3326,train
3327,train
3328,train
3330,train
3331,train
3332,test
3333,train
3334,train
3335,train
3336,test
3337,train
3338,train
3339,test
3340,train
3341,train
3342,train
3343,train
3344,test
3345,test
3346,train
3347,train
3348,test
3349,test
3350,train
3351,train
3352,train
3353,train
3354,train
3355,train
3356,train
3357,test
3358,train
3359,test
3360,train
3361,test
3362,train
3363,train
3364,train
3365,test
3366,train
3367,train
3368,train
3369,train
3370,train
3371,test
3373,train
3374,train
3375,train
3376,train
3377,train
3378,train
3379,train
3380,train
3381,train
3382,train
3383,test
3384,train
3385,train
3386,train
3387,train
3388,train
3389,train
3390,test
3391,train
3392,test
3393,test
3394,train
3395,train
3396,train
3397,train
3398,train
3399,train
3400,train
3401,train
3402,train
3403,train
3404,train
3405,test
3406,train
3407,train
3408,train
3409,train
3410,train
3411,train
3412,train
3413,train
3414,train
3415,train
3416,train
3417,train
3418,train
3419,train
3420,train
3421,train
3422,train
3423,train
3424,train
3425,train
3426,train
3427,train
3428,test
3429,test
3430,train
3431,train
3432,train
3433,train
3434,train
3435,train
3436,train
3437,train
3438,train
3439,train
3440,train
3442,train
3443,train
3444,test
3445,train
3446,train
3447,train
3448,train
3449,train
3450,train
3451,train
3452,train
3453,train
3454,train
3455,train
3456,train
3457,train
3458,train
3459,test
3460,train
3461,train
3462,train
3463,train
3464,train
3465,train
3466,train
3467,train
3468,train
3469,train
3470,test
3471,train
3472,test
3473,train
3474,train
3475,train
3476,train
3477,train
3478,train
3479,train
3480,train
3481,train
3482,train
3483,train
3484,train
3485,train
3486,train
3487,train
3488,test
3489,train
3490,train
3491,test
3492,train
3493,test
3494,train
3495,train
3496,train
3497,train
3498,train
3499,train
3500,train
3501,train
3502,train
3503,test
3504,train
3505,train
3506,train
3507,train
3508,train
3509,train
3510,test
3511,train
3512,test
3513,test
3514,train
3515,train
3516,train
3517,train
3518,test
3519,train
3520,train
3521,test
3522,train
3523,train
3524,train
3525,train
3526,train
3527,train
3528,train
3529,train
3530,test
3531,train
3532,train
3533,train
3534,train
3535,train
3536,train
3537,train
3538,train
3539,test
3540,test
3541,test
3542,train
3543,test
3544,test
3545,test
3546,train
3547,test
3548,train
3549,train
3550,train
3551,train
3552,test
3553,test
3554,train
3555,train
3556,train
3557,train
3558,train
3559,test
3560,train
3561,test
3562,train
3563,train
3564,train
3565,test
3566,train
3567,train
3568,train
3569,test
3570,test
3571,train
3572,train
3573,test
3574,train
3575,train
3576,train
3577,train
3578,test
3579,train
3580,train
3581,train
3582,test
3583,train
3584,test
3585,train
3586,train
3587,train
3588,train
3589,train
3590,train
3591,test
3592,train
3593,test
3594,train
3595,train
3596,test
3597,train
3598,train
3599,train
3600,test
3601,train
3602,train
3603,test
3604,test
3605,train
3606,test
3607,train
3608,train
3609,train
3610,test
3611,test
3612,train
3613,train
3614,train
3615,train
3616,train
3617,train
3618,train
3619,test
3620,train
3621,train
3622,test
3623,train
3624,train
3625,train
3626,test
3627,test
3628,train
3629,train
3630,train
3631,train
3632,train
3633,train
3634,test
3635,train
3636,train
3637,train
3638,train
3639,test
3640,train
3641,train
3642,train
3643,train
3644,train
3645,train
3646,train
3647,train
3648,test
3649,train
3650,train
3651,train
3652,train
3653,train
3654,train
3655,train
3656,train
3657,test
3658,test
3659,train
3660,train
3661,train
3662,train
3663,train
3664,train
3665,test
3666,train
3667,test
3668,train
3669,train
3670,train
3671,test
3673,train
3674,test
3675,train
3676,train
3677,train
3678,train
3679,test
3680,train
3681,train
3682,train
3683,train
3684,train
3685,train
3686,train
3687,train
3688,train
3689,train
3690,train
3691,train
3692,train
3693,train
3694,train
3695,train
3696,train
3697,train
3698,test
3699,train
3700,train
3701,train
3702,train
3703,train
3704,test
3705,train
3706,train
3707,test
3708,train
3709,train
3710,train
3711,train
3712,train
3713,train
3714,train
3715,test
3716,test
3717,train
3718,train
3719,train
3720,train
3721,train
3722,train
3723,train
3724,train
3725,train
3726,train
3727,test
3728,train
3729,train
3730,test
3731,train
3732,train
3733,train
3734,train
3735,train
3736,train
3737,train
3738,test
3739,train
3740,train
3741,train
3742,test
3743,train
3744,train
3745,train
3746,train
3747,train
3748,train
3749,train
3750,train
3751,train
3752,test
3753,train
3754,train
3755,train
3756,train
3757,train
3758,train
3759,test
3760,train
3761,train
3762,train
3763,train
3764,train
3765,train
3766,train
3767,test
3768,test
3769,train
3770,train
3771,train
3772,train
3773,train
3774,train
3775,train
3776,train
3777,train
3778,train
3779,train
3780,train
3781,train
3782,train
3783,train
3784,test
3785,train
3786,train
3787,train
3788,train
3789,train
3790,train
3791,train
3792,train
3793,test
3794,train
3795,test
3796,train
3797,train
3798,test
3799,test
3800,train
3801,train
3802,train
3803,test
3804,test
3805,train
3806,train
3807,train
3808,train
3810,train
3811,train
3812,train
3813,train
3814,test
3815,test
3816,train
3817,train
3818,train
3819,train
3820,test
3821,train
3822,train
3823,train
3824,train
3825,test
3826,train
3827,train
3828,test
3829,train
3830,train
3831,train
3832,train
3833,train
3834,test
3835,train
3836,train
3837,train
3838,train
3839,test
3840,train
3841,train
3842,train
3843,train
3844,train
3845,train
3846,train
3847,train
3848,train
3849,train
3850,train
3851,train
3852,test
3853,train
3854,train
3855,train
3856,train
3857,train
3858,test
3859,train
3860,train
3861,train
3862,test
3863,train
3864,train
3865,train
3866,train
3867,train
3868,train
3869,test
3870,train
3871,train
3872,train
3873,train
3874,train
3875,train
3876,train
3877,train
3878,train
3879,train
3880,train
3881,train
3882,test
3883,train
3884,train
3885,train
3886,train
3887,test
3888,train
3889,test
3890,train
3891,train
3892,train
3893,train
3894,test
3895,train
3896,train
3897,train
3898,train
3899,test
3900,train
3901,train
3902,train
3903,train
3904,train
3905,train
3906,train
3907,train
3908,train
3909,train
3910,train
3911,train
3912,test
3913,train
3914,train
3915,train
3916,train
3917,train
3918,test
3919,train
3920,test
3921,train
3922,train
3923,train
3924,train
3925,train
3926,test
3927,test
3928,test
3929,train
3930,test
3931,train
3932,train
3933,train
3934,train
3935,train
3936,test
3937,train
3938,train
3939,train
3940,train
3941,train
3942,train
3943,train
3944,train
3945,train
3946,train
3947,test
3948,train
3949,test
3950,train
3951,test
3952,train
3953,train
3954,test
3955,train
3956,train
3957,train
3958,train
3959,train
3960,train
3961,train
3962,train
3963,train
3964,train
3965,test
3966,test
3967,test
3968,train
3969,train
3970,train
3971,train
3972,test
3973,train
3974,train
3975,train
3976,train
3977,train
3978,train
3979,test
3980,train
3981,train
3982,train
3983,train
3984,train
3985,train
3986,train
3987,test
3988,train
3989,train
3990,train
3991,test
3992,train
3993,train
3994,train
3995,test
3996,train
3997,train
3998,train
3999,train
4000,train
4001,train
4002,train
4003,train
4004,train
4005,train
4006,train
4007,train
4008,train
4009,train
4010,train
4012,train
4013,train
4014,train
4015,train
4016,train
4017,train
4018,train
4019,train
4020,train
4021,train
4022,train
4023,train
4024,train
4025,train
4026,train
4027,train
4028,train
4029,train
4030,train
4031,train
4032,test
4033,train
4034,train
4035,train
4036,train
4037,train
4038,train
4039,train
4040,train
4041,test
4042,train
4043,train
4044,train
4045,test
4046,test
4047,train
4048,train
4049,train
4050,train
4051,train
4052,train
4054,train
4055,test
4056,train
4057,train
4058,train
4059,train
4060,train
4061,train
4062,test
4063,train
4064,train
4065,train
4066,train
4067,test
4068,train
4069,train
4070,train
4071,test
4072,train
4073,test
4074,test
4075,train
4076,train
4077,train
4078,train
4079,train
4080,train
4081,train
4082,train
4083,train
4084,train
4085,train
4086,train
4087,train
4088,test
4089,train
4090,train
4091,test
4092,train
4093,train
4094,train
4095,test
4096,train
4097,train
4098,train
4099,train
4100,train
4101,test
4102,train
4103,train
4104,test
4105,test
4106,test
4107,train
4108,test
4109,test
4110,train
4111,train
4112,test
4113,test
4114,train
4115,train
4116,train
4117,train
4118,train
4119,train
4120,train
4121,train
4122,train
4123,test
4124,train
4125,test
4126,train
4127,test
4128,train
4129,test
4130,train
4131,train
4132,train
4133,train
4134,train
4135,test
4136,train
4137,train
4138,train
4139,train
4140,train
4141,train
4142,train
4143,train
4144,train
4145,train
4146,train
4147,train
4148,train
4149,train
4150,train
4151,train
4152,train
4153,train
4154,train
4155,train
4156,train
4157,test
4159,train
4160,train
4161,train
4162,train
4163,train
4164,train
4165,train
4166,train
4167,train
4168,train
4169,train
4170,train
4171,train
4172,train
4173,train
4174,test
4175,test
4176,test
4177,test
4178,train
4179,test
4180,test
4181,test
4182,train
4183,train
4184,train
4185,train
4186,train
4187,train
4188,train
4189,test
4190,train
4191,train
4192,train
4193,test
4194,train
4195,train
4196,train
4197,train
4198,test
4199,train
4200,train
4201,train
4202,train
4203,train
4204,train
4205,train
4206,test
4207,train
4208,test
4209,train
4210,train
4211,train
4212,train
4213,test
4214,train
4215,test
4216,train
4217,train
4218,test
4219,train
4220,test
4221,train
4223,train
4224,train
4225,train
4226,train
4227,train
4228,train
4229,train
4230,test
4231,train
4232,test
4233,test
4234,train
4235,train
4236,train
4237,train
4238,train
4239,test
4240,train
4241,train
4242,train
4243,train
4244,test
4245,train
4246,train
4247,train
4248,train
4249,train
4250,train
4251,train
4252,train
4253,train
4254,train
4255,test
4256,test
4257,test
4258,train
4259,train
4260,test
4262,test
4263,test
4264,train
4265,train
4266,train
4267,train
4268,train
4269,test
4270,train
4271,train
4272,train
4273,train
4274,test
4275,test
4276,train
4277,train
4278,train
4279,train
4280,train
4281,test
4282,train
4283,test
4284,train
4285,train
4286,test
4287,train
4288,test
4289,train
4290,train
4291,train
4292,test
4293,train
4294,train
4295,train
4296,train
4297,train
4298,train
4299,train
4300,train
4301,train
4302,train
4303,test
4304,train
4305,train
4306,train
4307,train
4308,train
4309,train
4310,train
4311,train
4312,train
4313,train
4314,train
4315,train
4316,train
4317,train
4318,train
4319,train
4320,train
4321,train
4322,test
4323,train
4324,train
4325,test
4326,train
4327,train
4328,train
4329,train
4330,train
4331,train
4332,test
4333,train
4334,train
4335,train
4336,train
4337,train
4338,train
4339,train
4340,test
4341,train
4342,train
4343,train
4344,train
4345,train
4346,train
4347,test
4348,train
4349,train
4350,train
4351,train
4352,train
4353,train
4354,train
4355,train
4356,train
4357,test
4358,train
4359,test
4360,train
4361,train
4362,train
4363,train
4364,test
4365,train
4366,train
4367,train
4368,train
4369,train
4370,test
4372,train
4373,test
4374,test
4375,train
4376,train
4377,train
4378,train
4379,train
4380,train
4381,train
4382,train
4383,train
4384,train
4385,train
4386,train
4387,train
4388,test
4389,train
4390,train
4391,test
4392,test
4393,train
4394,train
4395,test
4396,train
4397,train
4398,test
4399,train
4400,test
4401,train
4402,train
4404,train
4405,test
4406,train
4407,test
4408,train
4409,train
4410,train
4411,train
4412,test
4413,test
4414,train
4415,test
4416,train
4417,train
4418,test
4419,train
4420,test
4421,train
4422,train
4423,train
4424,train
4425,train
4426,test
4427,train
4428,train
4429,train
4430,train
4431,train
4432,train
4433,train
4434,train
4435,test
4436,test
4437,test
4438,test
4439,train
4440,train
4441,train
4442,train
4443,train
4444,train
4445,train
4446,train
4447,train
4448,train
4449,train
4450,test
4451,train
4452,train
4453,train
4454,test
4455,train
4456,train
4457,train
4458,train
4459,train
4460,train
4461,train
4462,train
4463,train
4464,train
4465,train
4466,train
4467,test
4468,train
4469,train
4470,test
4471,train
4472,train
4473,train
4474,test
4475,train
4476,train
4477,test
4478,train
4479,test
4480,train
4481,train
4482,train
4483,test
4484,train
4485,test
4486,train
4487,test
4488,train
4489,test
4490,test
4491,train
4492,train
4493,train
4494,test
4495,train
4496,train
4497,train
4498,train
4499,train
4500,train
4501,train
4502,train
4503,train
4504,train
4505,test
4506,train
4507,train
4508,train
4509,train
4510,train
4511,train
4512,test
4513,train
4514,train
4515,train
4516,train
4517,train
4518,test
4519,train
4520,train
4521,train
4522,train
4523,train
4524,train
4525,train
4527,train
4528,train
4529,train
4530,train
4531,train
4532,test
4533,train
4534,train
4535,train
4536,train
4537,train
4538,train
4539,test
4540,train
4541,train
4542,test
4543,test
4544,train
4545,train
4546,train
4547,train
4548,train
4549,train
4550,test
4551,train
4552,train
4553,train
4554,test
4555,train
4556,train
4557,train
4558,train
4559,train
4560,train
4561,test
4562,train
4563,train
4564,train
4565,train
4566,train
4567,train
4568,train
4569,train
4570,train
4571,train
4572,train
4573,train
4574,train
4575,train
4576,train
4577,train
4578,train
4579,train
4580,train
4581,train
4582,train
4583,train
4584,test
4585,train
4586,train
4587,train
4588,train
4589,train
4590,train
4591,train
4592,train
4593,train
4594,train
4595,train
4597,train
4598,test
4599,train
4600,test
4601,train
4602,train
4603,train
4604,train
4605,train
4606,train
4607,train
4608,train
4609,train
4610,train
4611,train
4612,train
4613,train
4614,train
4615,train
4616,train
4617,train
4618,train
4619,train
4620,train
4621,train
4622,train
4623,train
4624,train
4625,train
4626,train
4627,train
4628,train
4629,train
4630,test
4631,train
4632,train
4633,train
4634,train
4635,train
4636,train
4637,train
4638,train
4639,train
4640,train
4641,train
4642,train
4643,train
4644,test
4645,train
4646,train
4647,train
4648,train
4649,train
4650,test
4651,train
4652,train
4653,train
4654,train
4655,train
4656,test
4657,test
4658,train
4659,train
4660,test
4661,train
4662,train
4663,test
4664,train
4665,test
4666,train
4667,train
4668,train
4669,train
4670,train
4671,test
4672,test
4673,train
4674,train
4675,train
4676,train
4677,train
4678,train
4679,train
4680,train
4681,train
4682,train
4683,train
4684,train
4685,train
4686,train
4687,test
4688,test
4689,train
4690,train
4691,train
4692,test
4693,train
4694,train
4695,test
4696,test
4697,train
4698,test
4699,test
4700,train
4701,train
4702,train
4703,train
4704,train
4705,test
4706,train
4707,train
4708,train
4709,train
4710,train
4711,train
4712,train
4713,train
4714,train
4715,train
4716,train
4717,train
4718,train
4719,train
4720,test
4721,train
4722,test
4723,train
4724,train
4725,train
4726,test
4727,test
4728,train
4729,train
4730,train
4731,test
4732,train
4733,train
4734,train
4735,train
4736,train
4737,train
4738,train
4739,test
4740,train
4741,train
4742,train
4743,test
4744,train
4745,train
4746,train
4747,train
4748,train
4749,test
4750,train
4751,train
4752,train
4753,test
4754,train
4755,test
4756,test
4757,train
4758,test
4759,train
4760,test
4761,train
4762,test
4763,train
4764,train
4765,train
4766,train
4767,train
4768,train
4769,train
4770,test
4771,train
4772,train
4773,train
4774,train
4775,train
4776,test
4777,train
4778,train
4779,train
4780,train
4781,test
4782,train
4783,train
4784,test
4785,train
4786,train
4787,train
4788,train
4789,test
4790,train
4791,train
4792,train
4793,train
4794,train
4795,train
4796,train
4797,train
4798,train
4799,train
4800,train
4801,train
4802,train
4803,train
4804,test
4805,train
4806,train
4807,train
4808,train
4809,train
4810,test
4811,test
4812,test
4813,train
4814,train
4815,train
4816,train
4817,train
4818,train
4819,train
4820,train
4821,train
4822,train
4823,train
4824,train
4825,train
4826,test
4827,train
4828,train
4829,test
4830,train
4831,test
4832,train
4833,train
4834,train
4835,train
4836,train
4837,train
4838,train
4839,train
4840,train
4841,train
4842,train
4843,train
4844,train
4845,test
4846,train
4847,train
4848,train
4849,train
4850,train
4851,train
4852,test
4853,train
4854,train
4855,train
4856,train
4857,train
4858,test
4859,train
4860,train
4861,train
4862,train
4863,train
4864,train
4865,train
4866,train
4867,train
4868,test
4869,test
4870,train
4871,train
4872,train
4873,train
4874,train
4875,train
4876,test
4877,train
4878,train
4879,train
4880,train
4881,train
4882,test
4883,train
4884,train
4885,train
4886,train
4887,train
4888,train
4889,train
4890,train
4891,train
4892,train
4893,train
4894,train
4895,train
4896,test
4897,train
4898,test
4899,train
4900,train
4901,test
4903,train
4904,train
4905,train
4906,train
4907,train
4908,train
4909,train
4910,train
4911,test
4912,train
4913,train
4914,train
4915,train
4916,train
4917,train
4918,train
4919,train
4920,test
4921,train
4922,train
4923,train
4924,train
4925,train
4926,test
4927,train
4928,train
4929,test
4930,train
4931,train
4932,train
4933,train
4934,train
4935,train
4936,train
4937,train
4938,test
4939,test
4940,test
4941,train
4942,train
4943,train
4944,train
4945,train
4946,train
4947,train
4948,test
4949,train
4950,test
4951,test
4952,test
4953,test
4954,train
4955,train
4956,test
4957,train
4958,train
4959,train
4960,train
4961,train
4962,train
4963,train
4964,train
4965,train
4966,train
4967,train
4968,train
4969,train
4971,train
4972,train
4973,train
4974,train
4975,train
4976,train
4977,test
4978,train
4979,train
4980,test
4981,train
4982,test
4983,train
4984,train
4985,train
4987,test
4988,train
4989,train
4990,train
4991,train
4992,train
4993,train
4994,train
4995,test
4996,train
4997,train
4998,train
4999,train
5000,train
5001,train
5002,train
5003,train
5004,train
5005,train
5006,train
5007,train
5008,train
5009,train
5010,train
5011,train
5012,test
5013,train
5014,train
5015,train
5016,train
5017,train
5018,train
5019,train
5020,train
5021,train
5022,train
5023,train
5024,train
5025,train
5026,test
5027,train
5028,train
5029,test
5030,test
5031,train
5032,train
5033,test
5034,test
5035,train
5036,train
5037,train
5038,train
5039,train
5040,test
5041,train
5042,train
5043,train
5044,train
5045,train
5046,train
5047,train
5048,test
5049,train
5050,train
5051,train
5052,test
5053,train
5054,test
5055,train
5056,train
5057,train
5058,test
5059,train
5060,train
5061,train
5062,train
5063,train
5064,train
5065,test
5066,train
5067,train
5068,train
5069,train
5070,test
5071,train
5072,train
5073,train
5074,train
5075,test
5076,train
5077,train
5078,train
5079,train
5080,train
5081,train
5082,train
5083,train
5084,train
5085,train
5086,train
5087,train
5088,train
5089,train
5090,train
5091,train
5092,test
5093,test
5094,train
5095,train
5096,train
5097,test
5098,train
5099,train
5100,train
5101,train
5102,train
5103,test
5104,train
5105,train
5106,train
5107,test
5108,train
5109,train
5110,train
5111,train
5112,test
5113,train
5114,test
5115,train
5116,test
5117,train
5118,train
5119,train
5120,train
5121,test
5122,train
5123,test
5124,train
5125,train
5126,test
5127,train
5128,train
5129,test
5130,train
5131,train
5132,train
5133,test
5134,train
5135,train
5136,train
5137,train
5138,train
5139,train
5140,train
5141,train
5142,train
5143,test
5144,train
5145,train
5146,train
5147,train
5148,test
5149,train
5150,train
5151,train
5152,train
5153,train
5154,train
5155,train
5156,test
5157,train
5158,train
5159,train
5160,train
5161,train
5162,test
5163,train
5164,train
5165,train
5166,train
5167,test
5168,test
5169,train
5170,train
5171,train
5172,train
5173,train
5174,train
5175,train
5176,train
5177,test
5178,train
5179,train
5180,train
5181,train
5182,train
5183,train
5184,train
5185,train
5186,train
5187,test
5188,train
5189,train
5190,train
5191,train
5192,train
5193,train
5194,train
5195,train
5196,train
5197,train
5198,train
5199,train
5200,test
5201,train
5202,train
5203,train
5204,train
5205,train
5206,test
5207,test
5208,test
5209,train
5210,train
5211,test
5212,train
5213,train
5214,train
5215,train
5216,train
5217,train
5218,train
5219,train
5220,train
5221,test
5222,train
5223,train
5224,train
5225,test
5226,train
5227,train
5228,train
5229,train
5230,train
5231,train
5232,train
5233,train
5234,train
5235,train
5236,train
5237,train
5238,train
5239,train
5240,train
5241,train
5242,train
5243,test
5244,train
5245,test
5246,train
5247,train
5248,test
5249,train
5250,train
5251,test
5252,train
5253,train
5254,train
5255,train
5256,train
5257,train
5258,train
5259,train
5260,test
5261,train
5262,train
5263,train
5264,train
5265,train
5266,train
5267,train
5268,train
5269,train
5270,train
5271,train
5272,train
5273,train
5274,train
5275,train
5276,test
5277,train
5278,train
5279,train
5280,train
5281,train
5282,test
5283,train
5284,train
5285,test
5286,train
5287,train
5288,train
5289,train
5290,train
5291,train
5292,test
5293,train
5294,train
5295,train
5296,train
5297,train
5298,train
5299,train
5300,train
5301,train
5302,train
5303,test
5304,train
5305,train
5306,train
5307,train
5308,train
5309,test
5310,train
5311,train
5312,train
5313,train
5314,train
5315,train
5316,train
5317,test
5318,train
5319,test
5320,train
5321,train
5322,train
5323,train
5324,train
5325,test
5326,train
5327,train
5328,train
5329,train
5330,train
5331,train
5332,train
5334,train
5335,train
5336,test
5337,train
5338,train
5339,train
5340,train
5341,train
5342,train
5343,train
5344,train
5345,train
5347,test
5348,train
5349,train
5350,train
5351,train
5352,train
5353,train
5354,train
5355,train
5356,train
5357,train
5358,train
5359,test
5360,train
5362,train
5363,train
5364,train
5365,train
5366,train
5367,train
5368,train
5369,train
5370,train
5371,test
5372,train
5373,train
5374,train
5375,train
5376,test
5377,train
5378,train
5379,train
5380,train
5381,test
5382,train
5383,test
5384,train
5385,train
5386,train
5387,train
5388,train
5389,train
5390,train
5391,train
5392,train
5393,train
5394,train
5395,train
5396,test
5397,train
5399,train
5400,train
5401,train
5402,train
5403,train
5404,train
5405,train
5406,train
5407,train
5408,train
5409,test
5410,train
5411,train
5412,train
5413,train
5414,train
5415,train
5416,test
5417,train
5418,train
5419,train
5420,train
5421,test
5422,train
5423,train
5424,train
5425,train
5426,test
5427,test
5428,train
5429,train
5430,train
5431,train
5432,train
5433,train
5434,train
5435,train
5436,train
5437,train
5438,train
5439,train
5440,train
5441,test
5442,train
5443,train
5444,train
5445,test
5446,test
5447,test
5448,train
5449,train
5450,train
5451,train
5452,test
5453,train
5454,train
5455,train
5456,train
5457,test
5458,train
5459,train
5460,train
5461,test
5462,train
5463,train
5464,train
5465,test
5466,train
5467,train
5468,train
5469,train
5470,train
5471,train
5472,train
5473,train
5474,train
5475,train
5476,train
5477,train
5478,train
5479,train
5480,test
5481,train
5482,train
5483,train
5484,train
5485,train
5486,test
5487,train
5488,train
5489,train
5490,train
5491,train
5492,test
5493,train
5494,test
5495,test
5496,train
5497,train
5498,test
5499,train
5500,train
5501,train
5502,train
5503,train
5504,train
5505,train
5506,train
5507,train
5508,train
5509,train
5510,test
5511,train
5512,train
5513,train
5514,train
5515,train
5516,test
5517,train
5518,test
5519,train
5520,train
5521,train
5522,train
5523,train
5524,test
5525,train
5526,train
5527,train
5528,test
5529,train
5530,test
5531,train
5532,train
5533,test
5534,train
5535,train
5536,train
5537,train
5538,train
5539,test
5540,train
5541,train
5542,train
5543,test
5544,test
5545,train
5546,train
5547,train
5548,train
5549,train
5550,test
5551,train
5552,train
5553,train
5554,train
5555,train
5556,train
5557,test
5558,train
5559,train
5560,train
5561,train
5562,train
5563,train
5564,train
5565,train
5566,train
5567,train
5568,train
5569,train
5570,train
5571,train
5572,test
5573,train
5574,train
5575,train
5576,test
5577,train
5579,test
5580,train
5581,train
5582,train
5583,train
5584,train
5585,train
5586,train
5587,test
5588,train
5589,train
5590,train
5591,train
5592,train
5593,test
5594,train
5595,train
5596,test
5597,test
5598,train
5599,train
5600,test
5601,train
5602,train
5603,train
5604,train
5605,train
5606,train
5607,train
5608,train
5609,train
5610,train
5611,train
5612,train
5613,train
5614,train
5615,train
5616,train
5617,train
5618,train
5619,train
5620,train
5621,train
5622,train
5623,train
5624,train
5625,train
5626,train
5627,train
5628,test
5629,train
5630,train
5631,train
5632,train
5633,train
5634,train
5635,train
5636,test
5637,train
5638,train
5639,train
5640,train
5641,train
5642,train
5643,train
5644,train
5645,train
5646,train
5647,train
5648,train
5649,test
5650,train
5651,train
5652,train
5653,train
5654,train
5655,train
5656,train
5657,train
5658,test
5659,train
5660,train
5661,test
5662,train
5663,train
5664,test
5665,test
5666,test
5667,train
5668,train
5669,train
5670,train
5671,train
5672,train
5673,train
5674,train
5675,test
5676,train
5677,test
5678,train
5679,train
5680,test
5681,test
5682,train
5683,train
5684,test
5685,train
5686,train
5687,train
5688,train
5689,test
5690,train
5691,train
5692,train
5693,train
5694,test
5695,train
5696,train
5697,train
5698,train
5699,train
5700,train
5701,train
5702,train
5703,test
5704,train
5705,train
5706,train
5707,train
5708,train
5709,test
5710,train
5711,test
5712,train
5713,train
5714,train
5715,train
5716,test
5717,train
5718,train
5719,train
5720,train
5721,train
5722,train
5723,train
5724,train
5725,test
5726,test
5727,test
5728,test
5729,train
5730,test
5731,train
5732,test
5733,test
5734,train
5735,train
5736,train
5737,train
5738,test
5740,train
5741,train
5742,test
5743,train
5744,train
5745,test
5746,train
5747,train
5748,train
5749,train
5750,train
5751,train
5752,train
5753,train
5754,train
5755,train
5756,train
5757,test
5758,train
5759,train
5760,train
5761,test
5763,test
5764,test
5765,train
5766,test
5767,train
5768,train
5769,train
5770,train
5771,train
5772,train
5773,train
5774,test
5775,train
5776,train
5777,test
5778,train
5779,train
5780,train
5781,train
5782,train
5783,train
5784,train
5785,test
5786,test
5787,train
5788,train
5789,train
5790,train
5791,train
5792,train
5793,train
5794,test
5795,train
5796,train
5797,train
5798,train
5799,train
5800,test
5801,train
5802,train
5803,train
5804,train
5805,test
5806,train
5807,train
5808,train
5809,train
5810,train
5811,train
5812,train
5813,test
5814,test
5815,test
5816,train
5817,train
5818,train
5819,train
5820,train
5821,train
5823,train
5824,train
5825,train
5826,train
5827,train
5828,train
5829,train
5830,train
5831,test
5832,train
5833,train
5834,test
5835,train
5836,train
5837,train
5838,train
5839,test
5840,train
5841,train
5842,train
5843,test
5844,train
5845,train
5846,train
5847,test
5848,train
5849,train
5850,train
5851,test
5852,train
5853,train
5854,train
5855,train
5856,train
5857,train
5858,test
5859,train
5860,train
5861,train
5862,train
5863,train
5864,train
5865,train
5866,test
5867,train
5868,train
5869,train
5870,test
5871,train
5872,train
5873,train
5874,train
5875,train
5876,train
5877,train
5878,train
5879,test
5880,test
5881,train
5882,test
5883,train
5884,train
5885,train
5886,train
5887,test
5888,train
5889,train
5890,test
5891,train
5892,train
5893,train
5894,train
5895,train
5896,train
5897,train
5898,test
5899,test
5900,train
5901,train
5902,train
5903,train
5904,train
5905,train
5906,train
5907,train
5908,train
5909,train
5910,train
5911,train
5912,train
5913,train
5914,train
5915,train
5916,train
5917,train
5918,train
5919,train
5920,train
5921,train
5922,train
5923,train
5924,test
5925,train
5926,train
5927,test
5928,train
5929,train
5930,test
5931,train
5932,train
5933,train
5934,test
5935,train
5936,test
5937,train
5938,train
5939,train
5940,train
5941,train
5942,test
5943,test
5944,train
5945,train
5946,train
5947,test
5948,train
5949,train
5950,test
5951,train
5952,train
5953,train
5954,test
5955,train
5956,test
5957,train
5958,train
5959,train
5960,train
5961,train
5962,train
5963,train
5964,train
5965,train
5966,train
5967,train
5968,train
5969,train
5970,test
5971,test
5972,train
5973,train
5974,test
5976,test
5977,train
5978,train
5979,train
5980,train
5981,train
5982,train
5983,train
5984,train
5985,train
5986,test
5987,train
5988,test
5989,train
5990,train
5991,test
5992,train
5993,train
5994,train
5995,train
5996,train
5997,train
5998,train
5999,train
6000,train
6001,test
6002,train
6003,train
6004,train
6005,train
6006,train
6007,train
6008,train
6009,train
6010,train
6011,train
6012,train
6013,train
6014,train
6015,test
6016,train
6017,train
6018,train
6019,train
6020,train
6021,train
6022,train
6023,train
6024,train
6025,test
6026,train
6027,train
6028,train
6029,train
6030,train
6031,test
6032,train
6033,train
6034,train
6035,train
6036,train
6037,test
6038,train
6040,train
6041,test
6042,train
6044,train
6045,train
6046,train
6047,train
6048,train
6049,train
6050,test
6051,train
6052,test
6053,train
6054,train
6055,train
6056,train
6058,train
6059,train
6060,train
6061,train
6062,train
6063,test
6064,train
6065,test
6066,train
6067,train
6068,train
6069,train
6070,train
6071,train
6072,test
6073,train
6074,train
6075,train
6076,test
6077,test
6078,train
6079,test
6080,test
6081,train
6082,train
6083,train
6084,train
6085,train
6086,train
6087,test
6088,train
6089,train
6090,train
6091,train
6092,test
6093,train
6094,test
6095,train
6096,train
6097,train
6098,train
6099,train
6100,train
6101,test
6102,train
6103,train
6104,train
6105,train
6106,train
6107,train
6108,train
6109,train
6110,train
6111,train
6112,train
6113,train
6114,train
6115,train
6116,train
6118,test
6120,train
6122,train
6123,train
6124,test
6125,train
6126,train
6128,train
6129,train
6130,train
6131,train
6132,train
6133,test
6134,test
6135,train
6136,test
6137,train
6138,train
6139,train
6140,train
6141,train
6142,test
6143,test
6144,train
6145,train
6146,train
6147,train
6148,train
6149,train
6150,train
6151,test
6152,train
6153,test
6154,train
6155,train
6156,train
6157,train
6158,train
6159,train
6160,test
6161,train
6162,test
6163,train
6164,train
6165,train
6166,train
6167,train
6168,train
6169,train
6170,train
6171,train
6172,test
6173,train
6174,train
6175,test
6176,train
6177,train
6178,train
6179,train
6180,train
6181,test
6182,train
6183,train
6184,test
6185,test
6186,test
6187,train
6188,test
6189,train
6190,train
6191,train
6192,test
6193,test
6194,train
6195,train
6196,train
6197,test
6198,train
6199,train
6200,train
6201,train
6202,train
6203,test
6204,train
6205,test
6206,test
6207,train
6208,train
6209,train
6210,train
6211,test
6212,train
6213,test
6214,train
6215,train
6216,test
6217,train
6218,train
6219,train
6220,train
6221,train
6222,train
6223,train
6224,train
6226,test
6227,train
6228,train
6229,train
6230,test
6231,train
6232,train
6233,test
6234,train
6235,train
6236,train
6237,test
6238,train
6239,train
6241,test
6242,train
6243,train
6244,train
6245,train
6246,train
6247,test
6248,test
6249,train
6250,train
6251,train
6252,train
6253,train
6254,train
6255,test
6256,train
6257,train
6258,train
6259,train
6260,train
6261,train
6262,train
6263,test
6264,train
6265,train
6266,train
6267,train
6268,train
6269,train
6272,train
6273,train
6274,train
6275,train
6276,train
6277,train
6278,train
6279,train
6280,train
6281,train
6282,train
6283,train
6284,test
6285,train
6286,train
6287,train
6288,train
6289,train
6290,train
6291,train
6292,train
6293,test
6294,test
6295,train
6296,train
6297,train
6298,train
6299,train
6300,train
6301,train
6302,train
6303,train
6304,train
6305,train
6306,train
6307,train
6308,train
6309,test
6310,train
6311,train
6312,train
6313,train
6314,train
6315,train
6316,train
6317,train
6318,train
6319,train
6320,train
6321,test
6322,train
6323,train
6324,train
6325,train
6326,train
6327,test
6328,train
6329,train
6330,train
6331,train
6332,train
6333,train
6334,train
6335,train
6336,test
6337,train
6338,train
6339,train
6340,train
6341,train
6342,test
6343,train
6344,train
6345,train
6346,train
6347,train
6348,test
6349,train
6350,train
6351,train
6352,train
6353,train
6354,train
6355,train
6356,test
6357,test
6358,train
6359,train
6360,train
6361,train
6362,train
6363,train
6364,train
6365,train
6366,train
6368,train
6369,train
6370,train
6371,train
6372,train
6373,train
6374,train
6375,train
6376,test
6377,train
6378,test
6379,train
6380,train
6381,train
6382,train
6383,train
6384,test
6385,train
6386,train
6387,train
6388,train
6389,train
6390,train
6391,train
6392,train
6394,train
6395,train
6396,train
6397,train
6398,train
6399,train
6400,train
6401,test
6402,train
6403,train
6404,train
6405,train
6406,test
6407,train
6408,train
6409,train
6410,train
6411,train
6412,train
6413,train
6414,train
6415,train
6416,train
6417,train
6418,train
6419,train
6420,train
6421,train
6422,test
6423,train
6424,train
6425,train
6426,train
6427,train
6428,train
6429,train
6430,train
6431,train
6432,train
6433,train
6434,train
6435,train
6436,test
6437,train
6438,train
6439,train
6441,train
6442,train
6443,train
6444,train
6445,train
6446,train
6447,train
6448,test
6449,train
6450,train
6451,train
6452,test
6453,train
6454,train
6456,train
6457,test
6458,train
6459,train
6460,train
6461,train
6462,train
6463,test
6464,train
6465,train
6466,train
6467,test
6468,train
6469,train
6470,train
6471,test
6472,test
6473,train
6474,test
6475,train
6476,train
6477,train
6478,test
6479,train
6480,train
6481,test
6482,train
6483,train
6484,train
6485,train
6486,test
6487,train
6488,test
6489,train
6490,train
6491,train
6492,train
6493,train
6494,test
6495,train
6496,train
6497,train
6498,train
6499,train
6500,train
6501,train
6502,train
6503,train
6504,train
6505,train
6506,train
6507,train
6508,train
6509,test
6510,test
6511,train
6512,train
6513,train
6514,train
6515,train
6516,train
6517,train
6518,train
6519,train
6520,train
6521,train
6522,train
6523,train
6524,train
6525,train
6526,train
6527,train
6528,train
6529,train
6530,test
6531,train
6532,train
6533,train
6535,test
6536,train
6537,train
6538,train
6539,train
6540,train
6541,train
6542,train
6543,train
6544,test
6545,train
6546,train
6547,test
6548,train
6549,train
6550,test
6551,train
6552,train
6553,train
6554,train
6555,train
6556,train
6557,test
6558,train
6559,train
6560,test
6561,test
6562,train
6563,train
6564,train
6565,train
6566,train
6567,train
6568,train
6569,train
6570,train
6571,train
6572,train
6573,train
6574,train
6575,train
6576,train
6577,train
6578,train
6579,train
6580,train
6581,train
6582,train
6583,test
6584,test
6585,test
6586,test
6587,test
6588,train
6589,train
6590,train
6591,train
6592,train
6593,train
6594,train
6595,train
6596,train
6597,train
6598,train
6599,train
6600,train
6601,train
6602,train
6603,train
6604,train
6605,train
6606,test
6607,train
6608,train
6609,test
6610,test
6611,test
6612,test
6613,train
6614,train
6615,train
6616,train
6617,train
6618,train
6619,test
6620,train
6621,train
6622,train
6623,train
6624,train
6625,train
6626,train
6627,test
6628,train
6629,train
6630,train
6631,test
6632,train
6633,train
6634,train
6636,train
6637,test
6638,test
6639,train
6640,train
6641,train
6642,train
6643,train
6644,train
6645,test
6646,train
6647,train
6648,train
6650,test
6651,test
6652,train
6653,train
6654,train
6655,train
6656,train
6657,train
6658,train
6659,train
6660,train
6661,test
6662,train
6663,train
6664,train
6665,train
6666,train
6667,test
6668,test
6669,train
6670,train
6671,train
6672,train
6673,train
6674,train
6675,train
6676,train
6677,train
6678,train
6679,train
6680,train
6681,train
6682,train
6683,train
6684,train
6685,train
6686,train
6687,train
6688,train
6689,train
6690,test
6691,train
6692,test
6693,train
6694,test
6695,train
6696,train
6697,test
6698,train
6699,train
6700,train
6701,test
6702,train
6703,test
6704,train
6705,train
6706,train
6707,train
6708,train
6709,train
6710,train
6711,train
6712,train
6713,train
6714,test
6715,train
6716,train
6717,train
6718,train
6719,train
6720,train
6721,train
6722,test
6723,train
6724,train
6725,train
6726,train
6727,train
6728,train
6729,train
6730,train
6731,train
6732,train
6733,train
6734,train
6735,train
6736,test
6737,train
6738,train
6739,train
6740,train
6741,train
6742,train
6743,train
6744,train
6745,train
6746,test
6747,train
6748,train
6749,train
6750,train
6751,train
6752,train
6753,train
6754,train
6755,train
6756,train
6757,train
6758,train
6759,test
6760,train
6761,test
6763,test
6764,train
6765,train
6766,train
6767,train
6768,train
6769,train
6770,test
6771,train
6772,train
6773,train
6774,train
6775,test
6776,test
6777,train
6778,train
6779,train
6780,train
6781,test
6782,train
6783,train
6784,train
6785,test
6786,train
6787,train
6788,train
6790,train
6791,train
6792,train
6793,train
6794,train
6795,test
6796,train
6797,test
6798,train
6799,train
6800,train
6801,test
6802,train
6803,test
6804,train
6805,test
6806,train
6807,train
6808,train
6809,train
6810,train
6811,train
6812,train
6813,train
6814,test
6815,train
6816,test
6817,test
6818,train
6819,train
6820,train
6821,test
6822,train
6823,train
6824,train
6825,train
6826,train
6827,test
6828,train
6829,test
6830,train
6831,train
6832,test
6833,train
6834,test
6835,train
6836,test
6837,train
6838,train
6839,train
6840,train
6841,train
6842,train
6843,train
6844,train
6845,train
6846,train
6847,train
6848,test
6849,test
6850,train
6851,test
6852,train
6853,train
6854,train
6855,train
6857,train
6858,test
6859,train
6860,test
6861,train
6862,train
6863,train
6864,train
6865,train
6866,test
6867,train
6868,train
6869,test
6870,train
6871,train
6872,test
6873,test
6874,train
6875,train
6876,test
6877,train
6878,train
6879,train
6880,train
6881,train
6882,train
6883,train
6884,train
6885,train
6886,train
6887,train
6888,train
6889,test
6890,train
6891,test
6892,train
6893,test
6894,train
6895,train
6896,train
6897,train
6898,train
6899,train
6900,test
6901,train
6902,train
6903,train
6904,train
6905,train
6906,train
6907,train
6908,test
6909,train
6910,train
6911,train
6912,train
6913,test
6914,test
6915,train
6916,test
6917,train
6918,train
6919,train
6920,test
6921,train
6922,train
6923,train
6924,train
6925,train
6926,train
6927,train
6928,train
6929,train
6930,train
6931,train
6932,train
6933,train
6934,train
6935,train
6936,train
6937,test
6938,train
6939,train
6940,train
6941,train
6942,train
6943,train
6944,test
6945,train
6946,test
6947,train
6948,train
6949,train
6950,train
6951,train
6952,train
6953,train
6954,test
6955,train
6956,train
6957,test
6958,train
6959,train
6960,test
6961,test
6962,test
6963,train
6964,train
6965,train
6966,train
6967,test
6968,train
6969,train
6970,train
6971,test
6972,test
6973,train
6974,train
6975,train
6976,train
6977,train
6978,test
6979,train
6980,train
6981,train
6982,train
6983,train
6984,train
6985,train
6986,test
6987,train
6988,test
6989,test
6990,train
6991,train
6992,train
6993,test
6994,train
6995,train
6996,test
6997,train
6998,train
6999,train
7000,train
7001,train
7002,train
7003,test
7004,train
7005,train
7006,train
7007,train
7008,test
7009,train
7010,test
7011,train
7012,train
7013,test
7014,train
7015,train
7016,test
7017,train
7018,train
7019,train
7020,train
7021,train
7022,test
7023,test
7024,train
7025,train
7026,test
7027,train
7028,train
7029,train
7030,train
7031,train
7032,train
7033,train
7034,test
7035,train
7036,train
7037,test
7038,train
7039,train
7040,test
7041,train
7042,test
7043,test
7044,train
7045,train
7046,test
7047,train
7048,train
7049,train
7050,test
7051,train
7052,train
7053,train
7054,train
7055,train
7056,test
7057,test
7058,train
7060,test
7061,train
7062,test
7063,train
7064,train
7065,train
7066,test
7067,train
7068,train
7069,train
7070,test
7071,train
7072,train
7073,train
7074,train
7075,train
7076,test
7077,train
7078,test
7079,train
7080,test
7081,train
7082,train
7083,test
7084,train
7085,train
7086,train
7087,train
7088,train
7089,train
7090,train
7091,test
7092,train
7093,test
7094,train
7095,train
7096,train
7097,train
7098,train
7099,train
7100,train
7101,train
7102,train
7103,train
7104,train
7105,train
7106,train
7107,test
7108,train
7109,test
7110,train
7111,train
7112,train
7113,train
7114,train
7115,test
7116,train
7117,train
7118,train
7119,train
7120,test
7121,train
7122,train
7123,train
7124,test
7125,train
7126,train
7127,test
7128,train
7129,train
7130,test
7131,train
7132,train
7133,train
7134,test
7135,train
7136,test
7137,train
7138,train
7139,train
7140,train
7141,test
7142,train
7143,train
7144,train
7145,test
7146,train
7147,train
7148,train
7149,train
7150,train
7151,test
7152,train
7153,train
7154,train
7156,train
7157,train
7158,train
7159,train
7160,train
7161,test
7162,train
7163,train
7164,train
7165,train
7166,test
7167,train
7168,train
7169,test
7170,test
7171,train
7172,train
7173,train
7174,train
7175,test
7177,train
7178,train
7180,train
7181,train
7182,train
7183,train
7184,train
7185,train
7186,train
7187,train
7188,train
7189,train
7190,train
7191,train
7192,train
7193,train
7194,train
7195,test
7196,train
7197,test
7198,train
7199,train
7200,train
7201,train
7202,train
7203,train
7204,train
7205,train
7206,train
7207,train
7208,train
7209,train
7210,train
7211,test
7212,train
7213,train
7214,test
7215,train
7216,train
7217,train
7218,test
7219,train
7220,train
7221,train
7222,train
7223,train
7224,train
7225,train
7226,test
7227,test
7228,train
7229,train
7230,train
7231,train
7232,train
7233,test
7234,train
7235,train
7236,train
7237,train
7238,train
7239,train
7240,train
7241,train
7242,test
7243,train
7244,test
7245,train
7246,train
7247,train
7248,train
7249,train
7250,train
7251,test
7252,train
7253,train
7254,train
7255,test
7256,train
7257,train
7258,train
7259,train
7260,train
7261,train
7262,train
7263,test
7264,train
7265,train
7266,test
7267,train
7268,test
7269,train
7270,train
7271,train
7272,test
7273,train
7274,test
7275,train
7277,train
7280,train
7281,train
7282,train
7283,train
7284,train
7285,train
7286,train
7287,train
7288,train
7289,test
7290,train
7291,test
7292,train
7293,train
7294,train
7295,train
7296,train
7297,train
7298,train
7299,train
7300,train
7301,train
7302,train
7303,train
7304,train
7305,test
7306,train
7307,train
7308,train
7309,test
7310,train
7311,test
7312,train
7313,test
7314,train
7315,train
7316,test
7317,train
7318,train
7319,train
7320,test
7321,train
7322,test
7323,train
7324,train
7325,test
7326,train
7327,train
7328,test
7329,train
7330,train
7331,train
7332,train
7333,train
7334,train
7335,train
7336,train
7337,test
7338,test
7339,test
7340,train
7341,train
7342,train
7343,train
7344,train
7345,test
7346,train
7347,test
7348,train
7349,train
7350,train
7351,train
7352,train
7353,train
7354,test
7355,train
7356,train
7357,train
7358,test
7360,train
7361,train
7362,train
7363,train
7364,train
7365,train
7366,train
7367,train
7368,test
7369,train
7370,test
7371,train
7372,train
7373,test
7374,train
7375,train
7376,train
7377,train
7378,train
7379,train
7380,train
7381,train
7382,train
7383,train
7384,train
7385,train
7386,train
7387,train
7388,train
7389,train
7390,test
7391,train
7392,test
7393,train
7394,train
7395,train
7396,train
7397,train
7398,train
7399,train
7400,train
7401,train
7402,train
7403,test
7404,train
7405,train
7406,test
7407,train
7408,train
7409,test
7410,test
7411,train
7412,train
7413,test
7414,train
7415,train
7416,train
7417,test
7418,train
7419,train
7420,train
7421,test
7422,train
7423,train
7424,test
7425,train
7426,train
7428,test
7429,train
7430,train
7431,train
7432,train
7433,test
7434,train
7435,test
7436,test
7437,test
7438,train
7439,train
7440,train
7441,train
7442,train
7443,test
7444,test
7445,train
7446,train
7447,test
7448,train
7449,train
7450,train
7451,train
7452,train
7453,train
7454,train
7455,train
7456,train
7457,train
7458,train
7459,train
7460,train
7461,train
7462,train
7463,train
7464,train
7465,train
7466,train
7467,train
7468,train
7469,train
7470,train
7471,train
7472,train
7473,train
7474,train
7475,train
7476,train
7477,train
7478,test
7479,train
7480,train
7481,train
7482,train
7483,train
7484,train
7485,train
7486,test
7487,train
7488,train
7489,train
7490,train
7491,test
7492,train
7493,train
7494,test
7495,train
7496,train
7497,train
7498,train
7499,train
7500,train
7501,train
7502,test
7503,train
7504,train
7505,test
7506,train
7507,train
7508,train
7509,test
7510,test
7511,train
7512,train
7513,train
7514,train
7515,test
7516,train
7517,test
7518,train
7519,train
7520,train
7521,train
7522,train
7523,train
7524,train
7525,test
7526,train
7527,train
7528,test
7530,train
7531,train
7532,train
7533,train
7535,train
7536,train
7537,train
7538,test
7539,test
7540,train
7541,train
7542,train
7543,train
7544,train
7545,train
7546,train
7547,test
7548,train
7549,test
7550,train
7551,train
7552,train
7553,test
7554,train
7555,test
7556,train
7557,train
7558,test
7559,train
7560,test
7561,test
7562,train
7563,train
7564,train
7565,test
7566,train
7567,train
7568,train
7569,train
7570,train
7571,train
7572,train
7573,test
7574,train
7575,train
7576,test
7577,train
7578,train
7579,train
7580,train
7581,train
7582,train
7583,train
7584,train
7585,train
7586,train
7587,train
7589,train
7590,train
7591,train
7592,train
7593,train
7595,train
7596,test
7597,train
7598,train
7599,train
7600,train
7601,train
7602,train
7603,test
7604,train
7605,train
7606,train
7607,train
7608,train
7609,train
7610,test
7611,test
7612,train
7613,train
7614,train
7615,train
7616,train
7617,train
7618,train
7619,train
7620,train
7621,test
7622,train
7623,train
7624,train
7625,train
7626,train
7627,test
7628,train
7629,train
7630,train
7631,train
7632,train
7633,train
7634,train
7635,test
7636,train
7637,train
7638,test
7639,train
7640,train
7641,train
7642,train
7643,train
7644,train
7645,train
7646,train
7647,train
7648,train
7649,train
7650,train
7651,train
7652,train
7653,train
7654,train
7655,train
7656,train
7657,train
7658,train
7659,train
7660,train
7661,test
7662,train
7663,train
7664,train
7665,train
7666,train
7667,train
7668,train
7669,train
7670,train
7671,train
7672,train
7673,train
7674,train
7675,train
7676,train
7677,test
7678,train
7679,train
7680,train
7681,train
7682,train
7683,train
7684,test
7685,test
7686,train
7687,train
7688,test
7689,train
7690,train
7691,train
7692,train
7693,train
7694,train
7695,train
7696,train
7697,train
7698,train
7699,test
7700,test
7701,train
7702,train
7703,train
7704,train
7705,train
7706,train
7707,train
7708,train
7709,test
7710,train
7711,train
7712,train
7713,train
7714,train
7715,train
7716,train
7717,train
7718,test
7719,train
7720,train
7721,train
7722,train
7723,train
7724,train
7725,train
7726,train
7727,train
7728,train
7729,train
7730,train
7731,train
7732,train
7733,test
7734,train
7735,train
7736,test
7737,train
7738,train
7739,train
7740,train
7741,train
7742,train
7743,train
7744,train
7745,test
7746,train
7747,train
7748,train
7749,test
7750,train
7751,train
7752,train
7753,test
7754,test
7755,train
7756,test
7757,train
7758,train
7759,train
7760,test
7761,train
7762,train
7763,train
7764,train
7765,train
7766,train
7767,train
7768,train
7769,train
7770,train
7771,train
7772,train
7773,test
7774,train
7775,train
7776,test
7777,train
7778,train
7779,train
7780,train
7781,test
7782,train
7783,train
7784,train
7785,train
7786,train
7787,train
7788,train
7789,test
7790,train
7791,train
7792,test
7793,train
7794,train
7795,train
7796,test
7797,test
7799,train
7800,test
7801,train
7802,train
7803,test
7804,train
7805,train
7806,train
7807,test
7808,test
7809,train
7810,train
7811,train
7812,train
7813,train
7814,train
7815,train
7816,train
7817,train
7818,test
7819,test
7820,train
7821,train
7822,train
7823,train
7824,train
7825,test
7826,train
7827,train
7828,test
7829,test
7830,train
7831,train
7832,train
7833,test
7834,train
7835,train
7836,train
7837,train
7838,train
7839,train
7840,test
7841,test
7842,test
7843,train
7844,train
7845,train
7846,train
7847,train
7848,train
7849,train
7850,train
7851,train
7852,train
7853,test
7854,train
7855,train
7856,test
7857,train
7858,test
7859,train
7860,test
7861,train
7862,train
7863,test
7864,train
7865,train
7866,test
7867,train
7868,test
7870,train
7871,train
7872,train
7874,train
7875,train
7876,train
7877,train
7878,test
7879,train
7880,train
7881,train
7882,train
7883,test
7884,train
7885,train
7886,train
7887,train
7888,train
7889,train
7890,train
7891,train
7892,test
7893,test
7894,train
7895,test
7896,train
7897,train
7898,test
7899,train
7900,train
7901,test
7902,train
7903,test
7904,train
7905,train
7906,train
7907,train
7908,train
7909,train
7910,train
7911,train
7912,train
7914,train
7915,test
7916,train
7917,test
7919,train
7920,train
7921,test
7922,train
7923,train
7924,train
7925,test
7926,train
7927,test
7928,test
7929,train
7930,test
7931,test
7932,train
7933,train
7934,train
7935,train
7936,test
7938,train
7939,train
7940,train
7941,train
7942,train
7943,train
7944,train
7945,test
7946,train
7947,train
7948,test
7949,test
7950,train
7951,train
7952,train
7953,train
7954,test
7955,train
7956,train
7957,train
7958,test
7959,train
7961,train
7962,train
7963,test
7964,train
7965,train
7966,train
7967,train
7968,train
7969,train
7970,test
7971,test
7972,train
7973,test
7974,train
7975,train
7976,train
7977,train
7978,train
7979,test
7980,train
7981,test
7982,test
7983,train
7984,test
7985,train
7986,test
7987,train
7988,train
7989,test
7990,train
7991,test
7992,train
7993,train
7994,train
7995,test
7996,train
7997,test
7998,train
7999,train
8000,train
8001,train
8002,train
8003,train
8004,test
8005,train
8006,train
8007,test
8008,train
8009,train
8010,test
8011,test
8012,train
8013,test
8014,train
8015,test
8016,train
8017,train
8018,train
8019,train
8020,train
8021,train
8022,train
8023,train
8024,train
8025,test
8026,train
8027,test
8028,train
8029,train
8030,train
8031,test
8032,train
8033,train
8034,train
8035,train
8036,train
8037,test
8038,test
8039,train
8040,train
8041,train
8042,train
8043,train
8044,train
8045,train
8046,train
8047,train
8048,train
8050,test
8051,train
8052,train
8053,test
8054,train
8055,train
8056,train
8057,train
8058,train
8059,train
8060,test
8061,train
8062,train
8063,test
8064,train
8065,train
8066,test
8067,train
8068,train
8069,train
8070,test
8071,test
8072,train
8073,train
8074,train
8075,train
8076,train
8077,train
8078,train
8079,train
8080,train
8081,train
8082,train
8083,test
8084,train
8085,train
8086,train
8087,train
8088,train
8089,train
8090,train
8091,test
8092,train
8093,train
8094,train
8095,train
8096,train
8097,train
8099,train
8100,train
8101,train
8102,train
8103,train
8104,train
8105,train
8106,test
8107,train
8108,train
8109,test
8110,train
8111,train
8112,train
8113,train
8114,train
8115,train
8116,train
8117,test
8119,train
8120,train
8121,train
8122,train
8123,test
8124,train
8125,train
8126,train
8127,train
8128,train
8129,train
8130,train
8131,train
8132,train
8133,test
8134,train
8135,train
8136,test
8137,train
8138,train
8139,train
8140,train
8141,train
8142,train
8143,test
8144,test
8145,train
8146,train
8147,train
8148,train
8149,test
8150,train
8151,train
8152,train
8153,train
8154,train
8155,test
8156,train
8157,train
8158,test
8159,train
8160,train
8161,train
8162,test
8163,train
8164,train
8165,train
8166,test
8167,train
8168,test
8170,train
8171,train
8172,train
8173,train
8174,train
8175,train
8176,test
8177,train
8178,train
8179,train
8180,train
8181,train
8182,train
8183,train
8185,train
8186,train
8187,train
8188,train
8189,train
8190,train
8191,train
8192,train
8194,train
8195,train
8196,train
8197,train
8198,test
8199,test
8200,test
8201,train
8202,train
8203,train
8204,train
8205,test
8206,train
8207,train
8208,train
8209,train
8210,train
8211,test
8212,test
8213,train
8214,test
8215,train
8216,train
8217,train
8218,train
8219,test
8220,train
8221,train
8222,train
8223,train
8224,train
8225,train
8226,train
8227,train
8228,train
8229,train
8230,train
8231,train
8232,train
8233,train
8234,train
8235,train
8236,train
8237,test
8238,train
8239,train
8240,train
8241,test
8242,train
8243,train
8244,test
8245,train
8246,test
8247,train
8248,test
8249,train
8250,train
8251,train
8252,train
8253,train
8254,test
8255,train
8256,train
8257,test
8258,train
8259,train
8260,train
8261,train
8262,train
8264,train
8265,train
8266,train
8267,train
8268,train
8269,train
8270,train
8271,train
8272,train
8273,train
8274,train
8275,train
8276,test
8277,train
8278,test
8279,test
8280,train
8281,train
8282,train
8283,train
8284,train
8285,test
8286,train
8287,train
8288,train
8289,train
8290,train
8291,train
8292,train
8293,test
8294,train
8295,train
8296,train
8297,train
8298,train
8299,test
8300,train
8301,test
8302,train
8303,train
8304,train
8305,train
8306,train
8307,train
8309,train
8310,train
8311,train
8312,train
8313,test
8314,train
8315,train
8316,test
8317,train
8318,train
8319,train
8320,train
8321,train
8322,train
8323,train
8324,train
8325,train
8326,test
8327,train
8328,train
8329,test
8330,train
8331,test
8332,test
8334,train
8335,train
8337,train
8338,train
8339,train
8340,test
8341,train
8342,train
8343,train
8344,train
8345,train
8346,train
8347,test
8348,train
8349,train
8350,train
8351,train
8352,train
8353,test
8354,train
8355,train
8356,test
8357,train
8358,train
8359,train
8360,train
8361,train
8362,train
8363,train
8364,train
8365,train
8366,test
8367,train
8368,train
8369,train
8370,train
8371,train
8372,train
8373,train
8374,train
8375,test
8376,train
8377,train
8378,train
8379,train
8380,train
8381,train
8382,train
8383,train
8384,train
8385,train
8386,test
8387,test
8388,train
8389,train
8390,train
8391,train
8392,test
8393,train
8394,test
8395,train
8396,train
8397,test
8398,train
8399,train
8400,test
8401,train
8402,train
8403,test
8404,test
8405,train
8406,test
8407,train
8408,train
8409,train
8410,train
8411,train
8412,train
8413,train
8414,train
8415,train
8416,train
8417,train
8418,train
8419,train
8420,train
8421,train
8422,train
8423,train
8424,train
8425,train
8426,train
8427,train
8428,train
8429,train
8430,train
8431,train
8432,train
8433,train
8434,test
8435,train
8436,train
8437,train
8438,train
8439,train
8440,train
8441,train
8442,test
8443,train
8445,train
8446,train
8447,train
8448,train
8449,train
8450,train
8451,train
8452,train
8453,train
8454,test
8455,train
8456,train
8457,train
8458,train
8459,train
8460,train
8461,train
8462,test
8463,train
8464,train
8465,test
8466,train
8467,train
8468,train
8469,train
8470,test
8471,test
8472,test
8473,test
8474,train
8475,train
8476,test
8477,test
8478,train
8479,test
8480,test
8481,train
8482,train
8483,train
8484,train
8485,test
8486,train
8487,train
8488,train
8489,test
8490,train
8491,train
8492,train
8493,train
8494,test
8495,train
8496,train
8497,train
8498,train
8499,train
8500,train
8501,test
8502,train
8503,train
8504,train
8505,train
8506,train
8507,train
8508,train
8509,test
8510,train
8511,train
8512,train
8513,train
8514,train
8515,test
8516,train
8517,train
8518,train
8519,train
8521,train
8523,train
8524,train
8525,train
8526,train
8527,train
8528,test
8529,train
8530,train
8531,train
8532,train
8533,test
8534,train
8535,train
8536,train
8537,train
8538,test
8539,train
8540,train
8541,test
8542,train
8543,test
8544,train
8545,train
8546,train
8547,train
8548,train
8549,train
8550,train
8553,train
8554,train
8555,train
8556,train
8557,test
8558,train
8559,train
8560,train
8561,test
8562,train
8563,train
8564,test
8565,train
8566,test
8567,train
8568,train
8569,train
8570,train
8571,train
8572,train
8573,train
8574,test
8575,train
8576,train
8577,train
8578,train
8579,train
8580,train
8581,test
8582,test
8583,train
8584,train
8585,train
8586,train
8588,train
8589,test
8590,train
8591,test
8592,train
8593,train
8594,train
8595,train
8596,train
8597,train
8598,test
8599,train
8600,train
8601,train
8602,train
8603,train
8604,train
8605,train
8606,train
8607,train
8608,train
8609,test
8610,train
8611,train
8612,train
8613,test
8614,train
8615,train
8616,train
8617,train
8618,train
8619,train
8620,train
8621,train
8622,test
8623,test
8624,train
8625,train
8626,train
8627,train
8628,test
8629,train
8630,train
8631,train
8632,train
8633,train
8634,train
8635,train
8636,train
8637,train
8638,test
8639,test
8640,train
8641,train
8642,train
8643,train
8644,train
8645,train
8646,train
8647,train
8648,train
8649,train
8650,train
8651,test
8652,test
8653,train
8654,train
8655,train
8656,test
8657,train
8658,train
8659,train
8660,train
8661,train
8662,test
8663,test
8664,train
8665,train
8666,train
8667,train
8668,train
8669,train
8670,test
8671,train
8672,test
8673,train
8674,test
8675,train
8676,test
8677,test
8678,train
8679,train
8680,train
8681,train
8682,train
8683,train
8684,train
8686,test
8687,train
8688,test
8689,train
8690,train
8691,train
8693,train
8694,train
8695,train
8696,train
8697,train
8698,train
8699,train
8700,train
8701,train
8702,train
8703,train
8704,test
8705,train
8706,train
8707,train
8708,train
8709,train
8710,train
8711,train
8712,train
8713,test
8714,train
8715,test
8716,test
8717,train
8718,train
8719,train
8720,train
8721,train
8722,train
8723,train
8724,train
8725,train
8726,train
8727,test
8728,test
8729,train
8730,train
8731,train
8732,train
8733,train
8734,train
8735,train
8736,train
8737,train
8738,test
8740,train
8741,train
8742,train
8743,test
8744,train
8746,train
8747,train
8748,train
8749,train
8750,train
8751,test
8752,train
8753,train
8754,train
8755,train
8756,train
8757,train
8758,train
8759,train
8760,test
8761,train
8763,train
8764,train
8765,train
8766,train
8767,test
8768,train
8769,train
8770,train
8771,train
8772,train
8773,train
8775,train
8776,test
8777,train
8778,train
8779,train
8780,train
8782,train
8783,train
8784,train
8785,train
8786,train
8787,train
8788,test
8789,test
8790,train
8791,train
8792,train
8793,train
8794,train
8795,train
8796,train
8797,train
8798,test
8799,test
8800,train
8801,train
8802,train
8803,test
8804,train
8805,train
8806,train
8807,train
8808,train
8809,train
8810,train
8811,train
8812,train
8813,train
8814,train
8815,test
8816,train
8817,test
8818,train
8819,test
8820,train
8821,train
8822,train
8823,train
8824,train
8825,train
8826,train
8827,test
8828,test
8829,train
8830,train
8831,train
8832,train
8833,train
8834,train
8835,train
8836,train
8837,test
8838,train
8839,train
8840,train
8841,train
8842,train
8843,test
8844,train
8845,test
8846,train
8847,train
8848,train
8849,train
8850,test
8851,train
8854,test
8855,train
8856,test
8857,train
8858,train
8859,test
8860,train
8861,train
8862,train
8863,train
8864,train
8865,train
8866,train
8867,test
8868,test
8869,train
8870,train
8871,test
8872,train
8873,train
8874,test
8875,train
8876,test
8877,train
8878,train
8879,train
8880,test
8881,train
8882,test
8883,train
8884,train
8885,train
8886,train
8887,train
8888,train
8889,train
8890,test
8891,train
8892,train
8894,train
8895,train
8896,train
8897,train
8898,train
8899,train
8900,train
8901,test
8902,train
8903,train
8904,train
8905,train
8906,train
8907,train
8908,train
8909,train
8910,train
8911,train
8912,train
8913,train
8914,train
8915,test
8916,train
8917,train
8918,test
8919,train
8920,train
8921,train
8922,train
8923,train
8924,train
8925,test
8926,train
8927,train
8928,train
8930,train
8931,test
8932,train
8933,train
8934,train
8935,test
8936,train
8937,train
8938,train
8939,train
8940,train
8941,test
8942,train
8943,test
8944,test
8945,train
8946,test
8947,train
8948,train
8949,test
8950,train
8951,train
8952,train
8953,train
8954,train
8955,train
8956,train
8957,train
8958,train
8959,train
8960,train
8961,train
8962,train
8963,train
8964,test
8965,train
8966,train
8967,train
8968,train
8969,train
8970,test
8971,test
8972,train
8973,train
8974,test
8975,train
8976,train
8977,test
8978,train
8979,train
8980,train
8981,train
8982,train
8983,train
8984,train
8985,train
8986,train
8987,test
8988,test
8989,test
8990,train
8991,train
8992,train
8993,train
8994,train
8995,train
8996,train
8997,train
8998,train
8999,test
9000,train
9001,train
9002,train
9003,train
9004,test
9005,train
9006,test
9007,train
9008,train
9009,train
9010,train
9011,train
9012,train
9013,test
9014,train
9015,train
9016,test
9017,train
9018,train
9019,train
9020,test
9021,train
9022,test
9023,test
9024,train
9025,train
9026,train
9027,train
9028,test
9029,test
9030,test
9031,test
9032,train
9033,train
9034,train
9035,train
9036,train
9037,train
9038,train
9039,train
9040,train
9041,train
9042,train
9043,test
9044,train
9045,train
9046,train
9047,train
9048,test
9049,train
9050,test
9051,test
9052,train
9053,test
9054,train
9055,train
9056,train
9057,train
9058,train
9059,test
9060,train
9061,train
9062,train
9063,train
9064,train
9065,train
9066,train
9067,test
9068,train
9069,test
9070,train
9071,test
9072,train
9073,train
9075,test
9076,test
9077,train
9078,train
9079,train
9080,train
9081,test
9082,train
9083,train
9084,train
9085,train
9086,train
9087,train
9088,train
9089,train
9090,train
9091,train
9092,test
9093,test
9094,test
9095,train
9096,train
9097,train
9098,train
9099,train
9100,train
9101,train
9102,train
9103,train
9104,train
9105,train
9106,train
9107,train
9108,test
9109,train
9110,test
9111,train
9112,train
9113,train
9114,train
9115,train
9116,train
9117,train
9118,train
9119,train
9120,train
9121,train
9122,test
9123,train
9124,train
9125,train
9126,train
9127,train
9128,train
9129,train
9130,test
9131,test
9132,train
9133,train
9134,train
9135,test
9136,train
9137,train
9138,train
9139,train
9140,train
9142,train
9143,train
9145,train
9146,train
9147,train
9148,train
9149,train
9150,train
9151,train
9152,train
9153,train
9154,train
9155,train
9156,train
9157,train
9158,test
9159,train
9160,train
9161,train
9162,test
9163,test
9164,train
9165,train
9166,train
9167,train
9168,train
9169,train
9170,train
9171,train
9172,train
9173,test
9174,train
9175,train
9176,train
9177,train
9178,train
9180,train
9181,test
9182,test
9183,test
9184,train
9185,train
9186,train
9187,train
9188,train
9189,train
9190,test
9191,test
9192,train
9193,test
9194,train
9195,train
9196,test
9197,train
9198,train
9199,train
9200,train
9201,train
9202,train
9203,train
9204,train
9205,train
9206,train
9207,train
9208,train
9209,train
9210,train
9211,train
9212,train
9213,train
9214,train
9215,test
9216,train
9217,train
9218,train
9219,train
9220,train
9221,train
9222,train
9223,train
9224,train
9225,train
9226,test
9227,train
9228,test
9229,train
9230,train
9231,train
9232,train
9233,train
9234,train
9235,train
9236,test
9237,train
9238,test
9239,test
9240,train
9241,train
9242,train
9243,test
9244,train
9245,train
9246,test
9247,train
9248,train
9249,train
9250,train
9251,test
9252,train
9253,train
9254,train
9255,train
9256,test
9257,train
9258,train
9259,train
9260,train
9261,train
9262,train
9263,train
9264,train
9265,test
9266,test
9267,train
9268,train
9269,test
9270,train
9271,train
9272,train
9273,train
9274,train
9275,test
9276,train
9277,test
9278,train
9279,train
9280,train
9281,test
9282,train
9283,test
9284,train
9285,train
9286,train
9287,train
9288,train
9289,train
9290,test
9291,train
9292,test
9293,train
9294,train
9296,train
9297,train
9298,train
9299,train
9300,train
9301,train
9302,train
9303,test
9304,test
9305,train
9306,train
9307,train
9309,train
9310,train
9311,train
9312,test
9313,train
9314,test
9315,train
9316,train
9317,train
9318,test
9319,train
9320,train
9321,test
9322,train
9323,test
9324,test
9325,test
9326,train
9327,train
9328,test
9329,train
9330,train
9331,train
9332,train
9333,test
9334,train
9335,test
9336,test
9337,test
9338,train
9339,train
9340,train
9341,test
9342,train
9343,train
9344,test
9345,train
9346,train
9347,test
9348,train
9349,train
9350,train
9351,test
9352,train
9353,train
9354,train
9355,train
9356,train
9357,train
9358,train
9359,train
9360,train
9361,test
9362,train
9363,train
9364,train
9365,train
9366,train
9367,train
9368,train
9369,train
9370,train
9371,train
9372,train
9373,train
9374,test
9375,test
9376,train
9377,train
9378,train
9380,train
9381,train
9382,train
9383,train
9384,train
9385,test
9386,test
9387,test
9388,train
9389,train
9390,train
9391,train
9392,train
9393,test
9394,train
9395,train
9396,train
9397,test
9398,train
9399,train
9400,train
9401,train
9402,test
9403,train
9404,train
9405,train
9406,train
9407,train
9408,test
9409,train
9410,train
9411,train
9412,train
9413,train
9414,train
9415,train
9416,train
9417,train
9418,train
9419,train
9420,train
9421,test
9422,train
9423,train
9424,train
9425,train
9426,train
9427,train
9428,train
9429,test
9430,train
9431,test
9432,train
9433,train
9434,train
9435,train
9436,train
9437,test
9438,train
9439,train
9440,train
9441,train
9442,train
9443,train
9444,train
9445,train
9446,train
9447,test
9448,train
9449,train
9450,train
9451,test
9452,test
9453,train
9454,train
9455,train
9456,train
9457,train
9458,train
9459,train
9461,train
9462,train
9463,train
9464,test
9465,train
9466,train
9467,train
9468,train
9469,train
9470,train
9471,train
9472,train
9473,train
9474,train
9475,train
9476,train
9477,test
9478,train
9479,test
9480,train
9481,train
9482,train
9483,test
9484,train
9485,train
9486,test
9487,train
9488,test
9489,train
9490,train
9491,train
9492,train
9494,train
9495,test
9496,train
9497,train
9498,train
9500,train
9501,train
9502,train
9503,test
9504,train
9505,train
9506,train
9507,train
9508,train
9509,train
9510,train
9511,train
9512,train
9513,train
9514,train
9515,train
9516,train
9517,train
9518,train
9519,train
9520,train
9521,train
9522,test
9523,test
9524,train
9525,train
9526,train
9527,train
9528,train
9529,train
9530,train
9531,train
9532,train
9533,train
9534,train
9535,train
9536,test
9537,train
9538,train
9539,train
9540,train
9541,train
9542,train
9543,train
9544,train
9545,train
9546,train
9547,train
9548,train
9549,test
9550,train
9551,train
9552,train
9553,train
9554,train
9555,train
9556,train
9557,train
9558,test
9559,train
9560,train
9561,test
9562,test
9564,train
9565,test
9566,train
9567,train
9568,train
9569,test
9570,train
9571,train
9572,test
9573,train
9574,train
9575,train
9576,train
9577,train
9578,train
9579,train
9580,train
9581,train
9582,train
9583,train
9584,train
9585,test
9586,train
9588,train
9589,train
9590,test
9591,train
9592,test
9593,train
9594,train
9595,test
9596,train
9597,train
9598,train
9599,train
9600,test
9601,train
9602,train
9603,train
9605,test
9606,test
9607,train
9608,train
9609,train
9610,test
9611,train
9612,test
9613,train
9614,train
9615,train
9616,train
9617,train
9618,train
9619,test
9621,train
9622,train
9624,train
9625,train
9626,train
9627,train
9628,train
9629,test
9630,test
9631,train
9632,train
9633,train
9634,train
9635,train
9636,train
9637,train
9638,train
9639,train
9640,train
9641,train
9642,train
9643,train
9645,train
9646,train
9647,train
9648,train
9649,train
9650,train
9651,train
9652,train
9653,train
9654,train
9655,train
9656,train
9657,train
9658,train
9659,train
9660,train
9661,train
9662,test
9663,train
9664,train
9665,test
9666,test
9667,test
9668,train
9669,train
9670,train
9671,train
9672,train
9673,train
9674,train
9675,train
9676,test
9677,train
9678,train
9679,test
9680,train
9681,train
9682,train
9683,train
9684,train
9685,train
9686,train
9687,train
9688,train
9689,train
9690,train
9691,train
9692,train
9693,train
9694,train
9695,train
9696,train
9697,train
9698,train
9699,train
9700,train
9701,train
9702,train
9703,train
9704,train
9705,test
9706,train
9707,train
9708,train
9709,test
9710,train
9711,train
9712,train
9713,train
9714,test
9715,test
9716,train
9717,train
9718,test
9719,test
9720,train
9721,train
9722,train
9723,test
9724,train
9725,test
9726,train
9727,train
9728,train
9729,train
9730,train
9731,train
9732,train
9733,train
9734,train
9735,test
9736,test
9737,train
9738,train
9739,train
9740,train
9741,train
9742,test
9743,train
9744,train
9745,test
9746,train
9747,train
9748,train
9749,train
9750,train
9751,train
9752,test
9753,train
9754,train
9755,train
9756,test
9757,train
9758,train
9759,train
9760,test
9761,train
9762,train
9763,train
9764,train
9765,train
9766,train
9767,train
9768,train
9769,train
9770,train
9771,test
9772,test
9773,train
9774,train
9775,train
9776,test
9777,train
9778,train
9779,train
9780,test
9781,train
9782,train
9783,train
9784,train
9785,train
9786,train
9787,train
9788,train
9789,train
9790,train
9791,test
9792,test
9793,train
9794,train
9795,train
9796,train
9797,test
9798,train
9799,train
9800,test
9801,train
9802,train
9803,test
9804,train
9805,train
9806,train
9807,train
9808,train
9809,train
9810,test
9811,train
9812,train
9813,test
9814,train
9815,train
9816,train
9817,test
9818,train
9819,test
9820,train
9821,train
9822,train
9823,train
9824,train
9825,train
9826,train
9827,test
9828,train
9829,train
9830,train
9831,test
9832,train
9833,train
9834,train
9835,train
9836,train
9837,train
9838,train
9839,test
9840,train
9841,train
9842,train
9843,train
9844,train
9845,train
9846,train
9847,train
9848,train
9849,test
9850,train
9851,test
9852,train
9853,train
9854,train
9855,train
9856,train
9857,train
9858,train
9859,test
9860,train
9861,test
9862,train
9863,train
9864,train
9865,train
9866,test
9867,test
9868,test
9869,train
9870,train
9871,train
9872,train
9873,train
9874,test
9875,train
9876,test
9877,train
9878,test
9879,train
9880,train
9881,test
9882,test
9883,train
9884,train
9885,train
9886,train
9887,train
9888,train
9889,train
9890,train
9891,test
9892,train
9893,train
9894,train
9895,train
9896,train
9897,test
9898,test
9899,train
9900,train
9901,train
9902,test
9903,train
9904,test
9905,train
9906,train
9907,train
9908,train
9909,train
9910,train
9911,train
9912,train
9913,train
9914,train
9915,train
9916,train
9917,test
9918,train
9919,train
9920,train
9921,test
9922,train
9923,train
9924,train
9925,train
9926,train
9927,train
9928,train
9929,train
9930,train
9931,test
9932,train
9933,test
9934,train
9935,test
9936,train
9937,train
9938,test
9939,train
9941,train
9942,train
9943,train
9944,test
9945,train
9946,train
9947,train
9948,train
9949,train
9950,train
9951,train
9952,train
9953,train
9955,train
9956,test
9957,test
9958,train
9959,train
9960,train
9961,test
9962,train
9963,train
9964,train
9965,train
9967,train
9968,train
9969,test
9970,test
9971,train
9972,train
9973,train
9974,train
9975,train
9976,test
9977,train
9978,test
9979,train
9980,train
9981,train
9982,train
9983,train
9984,train
9986,train
9987,train
9988,train
9989,train
9990,test
9991,test
9992,train
9993,test
9994,train
9995,train
9996,train
9997,test
9998,train
9999,train
