[INFO] Scanning for projects...
[INFO] 
[INFO] -------------------------< ru.itmo:movie-lab >--------------------------
[INFO] Building movie-lab 1.0.0
[INFO]   from pom.xml
[INFO] --------------------------------[ war ]---------------------------------
[INFO] Downloading from central-https: https://repo.maven.apache.org/maven2/org/apache/maven/plugins/maven-resources-plugin/3.3.1/maven-resources-plugin-3.3.1.pom
[INFO] Downloaded from central-https: https://repo.maven.apache.org/maven2/org/apache/maven/plugins/maven-resources-plugin/3.3.1/maven-resources-plugin-3.3.1.pom (8.2 kB at 17 kB/s)
[INFO] Downloading from central-https: https://repo.maven.apache.org/maven2/org/apache/maven/plugins/maven-plugins/39/maven-plugins-39.pom
[INFO] Downloaded from central-https: https://repo.maven.apache.org/maven2/org/apache/maven/plugins/maven-plugins/39/maven-plugins-39.pom (8.1 kB at 84 kB/s)
[INFO] Downloading from central-https: https://repo.maven.apache.org/maven2/org/apache/maven/maven-parent/39/maven-parent-39.pom
[INFO] Downloaded from central-https: https://repo.maven.apache.org/maven2/org/apache/maven/maven-parent/39/maven-parent-39.pom (48 kB at 470 kB/s)
[INFO] Downloading from central-https: https://repo.maven.apache.org/maven2/org/apache/apache/29/apache-29.pom
[INFO] Downloaded from central-https: https://repo.maven.apache.org/maven2/org/apache/apache/29/apache-29.pom (21 kB at 207 kB/s)
[INFO] Downloading from central-https: https://repo.maven.apache.org/maven2/org/apache/maven/plugins/maven-resources-plugin/3.3.1/maven-resources-plugin-3.3.1.jar
[INFO] Downloaded from central-https: https://repo.maven.apache.org/maven2/org/apache/maven/plugins/maven-resources-plugin/3.3.1/maven-resources-plugin-3.3.1.jar (31 kB at 364 kB/s)
[INFO] Downloading from central-https: https://repo.maven.apache.org/maven2/org/apache/maven/plugins/maven-compiler-plugin/3.13.0/maven-compiler-plugin-3.13.0.pom
[INFO] Downloaded from central-https: https://repo.maven.apache.org/maven2/org/apache/maven/plugins/maven-compiler-plugin/3.13.0/maven-compiler-plugin-3.13.0.pom (10 kB at 100 kB/s)
[INFO] Downloading from central-https: https://repo.maven.apache.org/maven2/org/apache/maven/plugins/maven-plugins/41/maven-plugins-41.pom
[INFO] Downloaded from central-https: https://repo.maven.apache.org/maven2/org/apache/maven/plugins/maven-plugins/41/maven-plugins-41.pom (7.4 kB at 91 kB/s)
[INFO] Downloading from central-https: https://repo.maven.apache.org/maven2/org/apache/maven/maven-parent/41/maven-parent-41.pom
[INFO] Downloaded from central-https: https://repo.maven.apache.org/maven2/org/apache/maven/maven-parent/41/maven-parent-41.pom (50 kB at 616 kB/s)
[INFO] Downloading from central-https: https://repo.maven.apache.org/maven2/org/apache/apache/31/apache-31.pom
[INFO] Downloaded from central-https: https://repo.maven.apache.org/maven2/org/apache/apache/31/apache-31.pom (24 kB at 231 kB/s)
[INFO] Downloading from central-https: https://repo.maven.apache.org/maven2/org/apache/maven/plugins/maven-compiler-plugin/3.13.0/maven-compiler-plugin-3.13.0.jar
[INFO] Downloaded from central-https: https://repo.maven.apache.org/maven2/org/apache/maven/plugins/maven-compiler-plugin/3.13.0/maven-compiler-plugin-3.13.0.jar (83 kB at 503 kB/s)
[INFO] Downloading from central-https: https://repo.maven.apache.org/maven2/org/apache/maven/plugins/maven-surefire-plugin/3.5.2/maven-surefire-plugin-3.5.2.pom
[INFO] Downloaded from central-https: https://repo.maven.apache.org/maven2/org/apache/maven/plugins/maven-surefire-plugin/3.5.2/maven-surefire-plugin-3.5.2.pom (5.7 kB at 56 kB/s)
[INFO] Downloading from central-https: https://repo.maven.apache.org/maven2/org/apache/maven/surefire/surefire/3.5.2/surefire-3.5.2.pom
[INFO] Downloaded from central-https: https://repo.maven.apache.org/maven2/org/apache/maven/surefire/surefire/3.5.2/surefire-3.5.2.pom (20 kB at 192 kB/s)
[INFO] Downloading from central-https: https://repo.maven.apache.org/maven2/org/apache/maven/maven-parent/43/maven-parent-43.pom
[INFO] Downloaded from central-https: https://repo.maven.apache.org/maven2/org/apache/maven/maven-parent/43/maven-parent-43.pom (50 kB at 566 kB/s)
[INFO] Downloading from central-https: https://repo.maven.apache.org/maven2/org/apache/apache/33/apache-33.pom
[INFO] Downloaded from central-https: https://repo.maven.apache.org/maven2/org/apache/apache/33/apache-33.pom (24 kB at 263 kB/s)
[INFO] Downloading from central-https: https://repo.maven.apache.org/maven2/org/junit/junit-bom/5.10.3/junit-bom-5.10.3.pom
[INFO] Downloaded from central-https: https://repo.maven.apache.org/maven2/org/junit/junit-bom/5.10.3/junit-bom-5.10.3.pom (5.6 kB at 66 kB/s)
[INFO] Downloading from central-https: https://repo.maven.apache.org/maven2/org/apache/maven/plugins/maven-surefire-plugin/3.5.2/maven-surefire-plugin-3.5.2.jar
[INFO] Downloaded from central-https: https://repo.maven.apache.org/maven2/org/apache/maven/plugins/maven-surefire-plugin/3.5.2/maven-surefire-plugin-3.5.2.jar (46 kB at 526 kB/s)
[INFO] Downloading from central-https: https://repo.maven.apache.org/maven2/org/apache/maven/plugins/maven-war-plugin/3.4.0/maven-war-plugin-3.4.0.pom
[INFO] Downloaded from central-https: https://repo.maven.apache.org/maven2/org/apache/maven/plugins/maven-war-plugin/3.4.0/maven-war-plugin-3.4.0.pom (8.4 kB at 82 kB/s)
[INFO] Downloading from central-https: https://repo.maven.apache.org/maven2/org/apache/maven/plugins/maven-war-plugin/3.4.0/maven-war-plugin-3.4.0.jar
[INFO] Downloaded from central-https: https://repo.maven.apache.org/maven2/org/apache/maven/plugins/maven-war-plugin/3.4.0/maven-war-plugin-3.4.0.jar (83 kB at 803 kB/s)
[INFO] Downloading from central-https: https://repo.maven.apache.org/maven2/jakarta/platform/jakarta.jakartaee-api/10.0.0/jakarta.jakartaee-api-10.0.0.pom
[INFO] Downloaded from central-https: https://repo.maven.apache.org/maven2/jakarta/platform/jakarta.jakartaee-api/10.0.0/jakarta.jakartaee-api-10.0.0.pom (7.3 kB at 51 kB/s)
[INFO] Downloading from central-https: https://repo.maven.apache.org/maven2/org/eclipse/ee4j/project/1.0/project-1.0.pom
[INFO] Downloaded from central-https: https://repo.maven.apache.org/maven2/org/eclipse/ee4j/project/1.0/project-1.0.pom (11 kB at 114 kB/s)
[INFO] Downloading from central-https: https://repo.maven.apache.org/maven2/jakarta/platform/jakarta.jakartaee-web-api/10.0.0/jakarta.jakartaee-web-api-10.0.0.pom
[INFO] Downloaded from central-https: https://repo.maven.apache.org/maven2/jakarta/platform/jakarta.jakartaee-web-api/10.0.0/jakarta.jakartaee-web-api-10.0.0.pom (11 kB at 124 kB/s)
[INFO] Downloading from central-https: https://repo.maven.apache.org/maven2/jakarta/servlet/jakarta.servlet-api/6.0.0/jakarta.servlet-api-6.0.0.pom
[INFO] Downloaded from central-https: https://repo.maven.apache.org/maven2/jakarta/servlet/jakarta.servlet-api/6.0.0/jakarta.servlet-api-6.0.0.pom (19 kB at 213 kB/s)
[INFO] Downloading from central-https: https://repo.maven.apache.org/maven2/org/eclipse/ee4j/project/1.0.7/project-1.0.7.pom
[INFO] Downloaded from central-https: https://repo.maven.apache.org/maven2/org/eclipse/ee4j/project/1.0.7/project-1.0.7.pom (14 kB at 158 kB/s)
[INFO] Downloading from central-https: https://repo.maven.apache.org/maven2/jakarta/servlet/jsp/jakarta.servlet.jsp-api/3.1.0/jakarta.servlet.jsp-api-3.1.0.pom
[INFO] Downloaded from central-https: https://repo.maven.apache.org/maven2/jakarta/servlet/jsp/jakarta.servlet.jsp-api/3.1.0/jakarta.servlet.jsp-api-3.1.0.pom (12 kB at 119 kB/s)
[INFO] Downloading from central-https: https://repo.maven.apache.org/maven2/org/eclipse/ee4j/project/1.0.6/project-1.0.6.pom
[INFO] Downloaded from central-https: https://repo.maven.apache.org/maven2/org/eclipse/ee4j/project/1.0.6/project-1.0.6.pom (13 kB at 136 kB/s)
[INFO] Downloading from central-https: https://repo.maven.apache.org/maven2/jakarta/el/jakarta.el-api/5.0.1/jakarta.el-api-5.0.1.pom
[INFO] Downloaded from central-https: https://repo.maven.apache.org/maven2/jakarta/el/jakarta.el-api/5.0.1/jakarta.el-api-5.0.1.pom (12 kB at 127 kB/s)
[INFO] Downloading from central-https: https://repo.maven.apache.org/maven2/jakarta/servlet/jsp/jstl/jakarta.servlet.jsp.jstl-api/3.0.0/jakarta.servlet.jsp.jstl-api-3.0.0.pom
[INFO] Downloaded from central-https: https://repo.maven.apache.org/maven2/jakarta/servlet/jsp/jstl/jakarta.servlet.jsp.jstl-api/3.0.0/jakarta.servlet.jsp.jstl-api-3.0.0.pom (13 kB at 103 kB/s)
[INFO] Downloading from central-https: https://repo.maven.apache.org/maven2/jakarta/faces/jakarta.faces-api/4.0.1/jakarta.faces-api-4.0.1.pom
[INFO] Downloaded from central-https: https://repo.maven.apache.org/maven2/jakarta/faces/jakarta.faces-api/4.0.1/jakarta.faces-api-4.0.1.pom (5.7 kB at 37 kB/s)
[INFO] Downloading from central-https: https://repo.maven.apache.org/maven2/jakarta/ws/rs/jakarta.ws.rs-api/3.1.0/jakarta.ws.rs-api-3.1.0.pom
[INFO] Downloaded from central-https: https://repo.maven.apache.org/maven2/jakarta/ws/rs/jakarta.ws.rs-api/3.1.0/jakarta.ws.rs-api-3.1.0.pom (18 kB at 142 kB/s)
[INFO] Downloading from central-https: https://repo.maven.apache.org/maven2/jakarta/ws/rs/all/3.1.0/all-3.1.0.pom
[INFO] Downloaded from central-https: https://repo.maven.apache.org/maven2/jakarta/ws/rs/all/3.1.0/all-3.1.0.pom (2.8 kB at 26 kB/s)
[INFO] Downloading from central-https: https://repo.maven.apache.org/maven2/jakarta/websocket/jakarta.websocket-api/2.1.0/jakarta.websocket-api-2.1.0.pom
[INFO] Downloaded from central-https: https://repo.maven.apache.org/maven2/jakarta/websocket/jakarta.websocket-api/2.1.0/jakarta.websocket-api-2.1.0.pom (4.5 kB at 31 kB/s)
[INFO] Downloading from central-https: https://repo.maven.apache.org/maven2/jakarta/websocket/jakarta.websocket-all/2.1.0/jakarta.websocket-all-2.1.0.pom
[INFO] Downloaded from central-https: https://repo.maven.apache.org/maven2/jakarta/websocket/jakarta.websocket-all/2.1.0/jakarta.websocket-all-2.1.0.pom (11 kB at 88 kB/s)
[INFO] Downloading from central-https: https://repo.maven.apache.org/maven2/jakarta/websocket/jakarta.websocket-client-api/2.1.0/jakarta.websocket-client-api-2.1.0.pom
[INFO] Downloaded from central-https: https://repo.maven.apache.org/maven2/jakarta/websocket/jakarta.websocket-client-api/2.1.0/jakarta.websocket-client-api-2.1.0.pom (4.2 kB at 42 kB/s)
[INFO] Downloading from central-https: https://repo.maven.apache.org/maven2/jakarta/json/jakarta.json-api/2.1.0/jakarta.json-api-2.1.0.pom
[INFO] Downloaded from central-https: https://repo.maven.apache.org/maven2/jakarta/json/jakarta.json-api/2.1.0/jakarta.json-api-2.1.0.pom (18 kB at 148 kB/s)
[INFO] Downloading from central-https: https://repo.maven.apache.org/maven2/jakarta/json/bind/jakarta.json.bind-api/3.0.0/jakarta.json.bind-api-3.0.0.pom
[INFO] Downloaded from central-https: https://repo.maven.apache.org/maven2/jakarta/json/bind/jakarta.json.bind-api/3.0.0/jakarta.json.bind-api-3.0.0.pom (22 kB at 148 kB/s)
[INFO] Downloading from central-https: https://repo.maven.apache.org/maven2/jakarta/annotation/jakarta.annotation-api/2.1.1/jakarta.annotation-api-2.1.1.pom
[INFO] Downloaded from central-https: https://repo.maven.apache.org/maven2/jakarta/annotation/jakarta.annotation-api/2.1.1/jakarta.annotation-api-2.1.1.pom (16 kB at 165 kB/s)
[INFO] Downloading from central-https: https://repo.maven.apache.org/maven2/jakarta/ejb/jakarta.ejb-api/4.0.1/jakarta.ejb-api-4.0.1.pom
[INFO] Downloaded from central-https: https://repo.maven.apache.org/maven2/jakarta/ejb/jakarta.ejb-api/4.0.1/jakarta.ejb-api-4.0.1.pom (19 kB at 188 kB/s)
[INFO] Downloading from central-https: https://repo.maven.apache.org/maven2/jakarta/transaction/jakarta.transaction-api/2.0.1/jakarta.transaction-api-2.0.1.pom
[INFO] Downloaded from central-https: https://repo.maven.apache.org/maven2/jakarta/transaction/jakarta.transaction-api/2.0.1/jakarta.transaction-api-2.0.1.pom (14 kB at 141 kB/s)
[INFO] Downloading from central-https: https://repo.maven.apache.org/maven2/jakarta/persistence/jakarta.persistence-api/3.1.0/jakarta.persistence-api-3.1.0.pom
[INFO] Downloaded from central-https: https://repo.maven.apache.org/maven2/jakarta/persistence/jakarta.persistence-api/3.1.0/jakarta.persistence-api-3.1.0.pom (16 kB at 125 kB/s)
[INFO] Downloading from central-https: https://repo.maven.apache.org/maven2/jakarta/validation/jakarta.validation-api/3.0.2/jakarta.validation-api-3.0.2.pom
[INFO] Downloaded from central-https: https://repo.maven.apache.org/maven2/jakarta/validation/jakarta.validation-api/3.0.2/jakarta.validation-api-3.0.2.pom (11 kB at 126 kB/s)
[INFO] Downloading from central-https: https://repo.maven.apache.org/maven2/jakarta/interceptor/jakarta.interceptor-api/2.1.0/jakarta.interceptor-api-2.1.0.pom
[INFO] Downloaded from central-https: https://repo.maven.apache.org/maven2/jakarta/interceptor/jakarta.interceptor-api/2.1.0/jakarta.interceptor-api-2.1.0.pom (12 kB at 117 kB/s)
[INFO] Downloading from central-https: https://repo.maven.apache.org/maven2/jakarta/enterprise/jakarta.enterprise.cdi-api/4.0.1/jakarta.enterprise.cdi-api-4.0.1.pom
[INFO] Downloaded from central-https: https://repo.maven.apache.org/maven2/jakarta/enterprise/jakarta.enterprise.cdi-api/4.0.1/jakarta.enterprise.cdi-api-4.0.1.pom (12 kB at 107 kB/s)
[INFO] Downloading from central-https: https://repo.maven.apache.org/maven2/jakarta/enterprise/jakarta.enterprise.cdi-parent/4.0.1/jakarta.enterprise.cdi-parent-4.0.1.pom
[INFO] Downloaded from central-https: https://repo.maven.apache.org/maven2/jakarta/enterprise/jakarta.enterprise.cdi-parent/4.0.1/jakarta.enterprise.cdi-parent-4.0.1.pom (2.3 kB at 24 kB/s)
[INFO] Downloading from central-https: https://repo.maven.apache.org/maven2/jakarta/enterprise/jakarta.enterprise.lang-model/4.0.1/jakarta.enterprise.lang-model-4.0.1.pom
[INFO] Downloaded from central-https: https://repo.maven.apache.org/maven2/jakarta/enterprise/jakarta.enterprise.lang-model/4.0.1/jakarta.enterprise.lang-model-4.0.1.pom (3.6 kB at 42 kB/s)
[INFO] Downloading from central-https: https://repo.maven.apache.org/maven2/jakarta/inject/jakarta.inject-api/2.0.1/jakarta.inject-api-2.0.1.pom
[INFO] Downloaded from central-https: https://repo.maven.apache.org/maven2/jakarta/inject/jakarta.inject-api/2.0.1/jakarta.inject-api-2.0.1.pom (5.9 kB at 54 kB/s)
[INFO] Downloading from central-https: https://repo.maven.apache.org/maven2/jakarta/authentication/jakarta.authentication-api/3.0.0/jakarta.authentication-api-3.0.0.pom
[INFO] Downloaded from central-https: https://repo.maven.apache.org/maven2/jakarta/authentication/jakarta.authentication-api/3.0.0/jakarta.authentication-api-3.0.0.pom (13 kB at 145 kB/s)
[INFO] Downloading from central-https: https://repo.maven.apache.org/maven2/jakarta/security/enterprise/jakarta.security.enterprise-api/3.0.0/jakarta.security.enterprise-api-3.0.0.pom
[INFO] Downloaded from central-https: https://repo.maven.apache.org/maven2/jakarta/security/enterprise/jakarta.security.enterprise-api/3.0.0/jakarta.security.enterprise-api-3.0.0.pom (15 kB at 148 kB/s)
[INFO] Downloading from central-https: https://repo.maven.apache.org/maven2/jakarta/jms/jakarta.jms-api/3.1.0/jakarta.jms-api-3.1.0.pom
[INFO] Downloaded from central-https: https://repo.maven.apache.org/maven2/jakarta/jms/jakarta.jms-api/3.1.0/jakarta.jms-api-3.1.0.pom (9.7 kB at 95 kB/s)
[INFO] Downloading from central-https: https://repo.maven.apache.org/maven2/jakarta/activation/jakarta.activation-api/2.1.0/jakarta.activation-api-2.1.0.pom
[INFO] Downloaded from central-https: https://repo.maven.apache.org/maven2/jakarta/activation/jakarta.activation-api/2.1.0/jakarta.activation-api-2.1.0.pom (18 kB at 195 kB/s)
[INFO] Downloading from central-https: https://repo.maven.apache.org/maven2/jakarta/mail/jakarta.mail-api/2.1.0/jakarta.mail-api-2.1.0.pom
[INFO] Downloaded from central-https: https://repo.maven.apache.org/maven2/jakarta/mail/jakarta.mail-api/2.1.0/jakarta.mail-api-2.1.0.pom (20 kB at 207 kB/s)
[INFO] Downloading from central-https: https://repo.maven.apache.org/maven2/jakarta/resource/jakarta.resource-api/2.1.0/jakarta.resource-api-2.1.0.pom
[INFO] Downloaded from central-https: https://repo.maven.apache.org/maven2/jakarta/resource/jakarta.resource-api/2.1.0/jakarta.resource-api-2.1.0.pom (13 kB at 128 kB/s)
[INFO] Downloading from central-https: https://repo.maven.apache.org/maven2/jakarta/authorization/jakarta.authorization-api/2.1.0/jakarta.authorization-api-2.1.0.pom
[INFO] Downloaded from central-https: https://repo.maven.apache.org/maven2/jakarta/authorization/jakarta.authorization-api/2.1.0/jakarta.authorization-api-2.1.0.pom (13 kB at 123 kB/s)
[INFO] Downloading from central-https: https://repo.maven.apache.org/maven2/jakarta/batch/jakarta.batch-api/2.1.1/jakarta.batch-api-2.1.1.pom
[INFO] Downloaded from central-https: https://repo.maven.apache.org/maven2/jakarta/batch/jakarta.batch-api/2.1.1/jakarta.batch-api-2.1.1.pom (5.7 kB at 64 kB/s)
[INFO] Downloading from central-https: https://repo.maven.apache.org/maven2/jakarta/batch/batch-api-parent/2.1.1/batch-api-parent-2.1.1.pom
[INFO] Downloaded from central-https: https://repo.maven.apache.org/maven2/jakarta/batch/batch-api-parent/2.1.1/batch-api-parent-2.1.1.pom (11 kB at 126 kB/s)
[INFO] Downloading from central-https: https://repo.maven.apache.org/maven2/org/eclipse/persistence/eclipselink/4.0.5/eclipselink-4.0.5.pom
[INFO] Downloaded from central-https: https://repo.maven.apache.org/maven2/org/eclipse/persistence/eclipselink/4.0.5/eclipselink-4.0.5.pom (30 kB at 231 kB/s)
[INFO] Downloading from central-https: https://repo.maven.apache.org/maven2/org/eclipse/persistence/org.eclipse.persistence.bundles/4.0.5/org.eclipse.persistence.bundles-4.0.5.pom
[INFO] Downloaded from central-https: https://repo.maven.apache.org/maven2/org/eclipse/persistence/org.eclipse.persistence.bundles/4.0.5/org.eclipse.persistence.bundles-4.0.5.pom (2.2 kB at 18 kB/s)
[INFO] Downloading from central-https: https://repo.maven.apache.org/maven2/org/eclipse/persistence/org.eclipse.persistence.parent/4.0.5/org.eclipse.persistence.parent-4.0.5.pom
[INFO] Downloaded from central-https: https://repo.maven.apache.org/maven2/org/eclipse/persistence/org.eclipse.persistence.parent/4.0.5/org.eclipse.persistence.parent-4.0.5.pom (108 kB at 1.1 MB/s)
[INFO] Downloading from central-https: https://repo.maven.apache.org/maven2/org/eclipse/ee4j/project/1.0.9/project-1.0.9.pom
[INFO] Downloaded from central-https: https://repo.maven.apache.org/maven2/org/eclipse/ee4j/project/1.0.9/project-1.0.9.pom (16 kB at 175 kB/s)
[INFO] Downloading from central-https: https://repo.maven.apache.org/maven2/com/oracle/database/jdbc/ojdbc-bom/23.3.0.23.09/ojdbc-bom-23.3.0.23.09.pom
[INFO] Downloaded from central-https: https://repo.maven.apache.org/maven2/com/oracle/database/jdbc/ojdbc-bom/23.3.0.23.09/ojdbc-bom-23.3.0.23.09.pom (7.2 kB at 70 kB/s)
[INFO] Downloading from central-https: https://repo.maven.apache.org/maven2/jakarta/xml/bind/jakarta.xml.bind-api/4.0.2/jakarta.xml.bind-api-4.0.2.pom
[INFO] Downloaded from central-https: https://repo.maven.apache.org/maven2/jakarta/xml/bind/jakarta.xml.bind-api/4.0.2/jakarta.xml.bind-api-4.0.2.pom (13 kB at 125 kB/s)
[INFO] Downloading from central-https: https://repo.maven.apache.org/maven2/jakarta/xml/bind/jakarta.xml.bind-api-parent/4.0.2/jakarta.xml.bind-api-parent-4.0.2.pom
[INFO] Downloaded from central-https: https://repo.maven.apache.org/maven2/jakarta/xml/bind/jakarta.xml.bind-api-parent/4.0.2/jakarta.xml.bind-api-parent-4.0.2.pom (9.1 kB at 89 kB/s)
[INFO] Downloading from central-https: https://repo.maven.apache.org/maven2/com/sun/xml/bind/jaxb-xjc/4.0.5/jaxb-xjc-4.0.5.pom
[INFO] Downloaded from central-https: https://repo.maven.apache.org/maven2/com/sun/xml/bind/jaxb-xjc/4.0.5/jaxb-xjc-4.0.5.pom (17 kB at 130 kB/s)
[INFO] Downloading from central-https: https://repo.maven.apache.org/maven2/com/sun/xml/bind/mvn/jaxb-bundles/4.0.5/jaxb-bundles-4.0.5.pom
[INFO] Downloaded from central-https: https://repo.maven.apache.org/maven2/com/sun/xml/bind/mvn/jaxb-bundles/4.0.5/jaxb-bundles-4.0.5.pom (1.3 kB at 15 kB/s)
[INFO] Downloading from central-https: https://repo.maven.apache.org/maven2/com/sun/xml/bind/mvn/jaxb-parent/4.0.5/jaxb-parent-4.0.5.pom
[INFO] Downloaded from central-https: https://repo.maven.apache.org/maven2/com/sun/xml/bind/mvn/jaxb-parent/4.0.5/jaxb-parent-4.0.5.pom (35 kB at 369 kB/s)
[INFO] Downloading from central-https: https://repo.maven.apache.org/maven2/com/sun/xml/bind/jaxb-bom-ext/4.0.5/jaxb-bom-ext-4.0.5.pom
[INFO] Downloaded from central-https: https://repo.maven.apache.org/maven2/com/sun/xml/bind/jaxb-bom-ext/4.0.5/jaxb-bom-ext-4.0.5.pom (3.5 kB at 41 kB/s)
[INFO] Downloading from central-https: https://repo.maven.apache.org/maven2/org/glassfish/jaxb/jaxb-bom/4.0.5/jaxb-bom-4.0.5.pom
[INFO] Downloaded from central-https: https://repo.maven.apache.org/maven2/org/glassfish/jaxb/jaxb-bom/4.0.5/jaxb-bom-4.0.5.pom (12 kB at 120 kB/s)
[INFO] Downloading from central-https: https://repo.maven.apache.org/maven2/com/sun/xml/bind/jaxb-core/4.0.5/jaxb-core-4.0.5.pom
[INFO] Downloaded from central-https: https://repo.maven.apache.org/maven2/com/sun/xml/bind/jaxb-core/4.0.5/jaxb-core-4.0.5.pom (11 kB at 108 kB/s)
[INFO] Downloading from central-https: https://repo.maven.apache.org/maven2/jakarta/activation/jakarta.activation-api/2.1.3/jakarta.activation-api-2.1.3.pom
[INFO] Downloaded from central-https: https://repo.maven.apache.org/maven2/jakarta/activation/jakarta.activation-api/2.1.3/jakarta.activation-api-2.1.3.pom (19 kB at 226 kB/s)
[INFO] Downloading from central-https: https://repo.maven.apache.org/maven2/org/eclipse/angus/angus-activation/2.0.2/angus-activation-2.0.2.pom
[INFO] Downloaded from central-https: https://repo.maven.apache.org/maven2/org/eclipse/angus/angus-activation/2.0.2/angus-activation-2.0.2.pom (4.0 kB at 41 kB/s)
[INFO] Downloading from central-https: https://repo.maven.apache.org/maven2/org/eclipse/angus/angus-activation-project/2.0.2/angus-activation-project-2.0.2.pom
[INFO] Downloaded from central-https: https://repo.maven.apache.org/maven2/org/eclipse/angus/angus-activation-project/2.0.2/angus-activation-project-2.0.2.pom (21 kB at 235 kB/s)
[INFO] Downloading from central-https: https://repo.maven.apache.org/maven2/org/postgresql/postgresql/42.7.5/postgresql-42.7.5.pom
[INFO] Downloaded from central-https: https://repo.maven.apache.org/maven2/org/postgresql/postgresql/42.7.5/postgresql-42.7.5.pom (3.3 kB at 38 kB/s)
[INFO] Downloading from central-https: https://repo.maven.apache.org/maven2/org/checkerframework/checker-qual/3.48.3/checker-qual-3.48.3.pom
[INFO] Downloaded from central-https: https://repo.maven.apache.org/maven2/org/checkerframework/checker-qual/3.48.3/checker-qual-3.48.3.pom (2.1 kB at 24 kB/s)
[INFO] Downloading from central-https: https://repo.maven.apache.org/maven2/org/hibernate/validator/hibernate-validator/8.0.2.Final/hibernate-validator-8.0.2.Final.pom
[INFO] Downloaded from central-https: https://repo.maven.apache.org/maven2/org/hibernate/validator/hibernate-validator/8.0.2.Final/hibernate-validator-8.0.2.Final.pom (15 kB at 136 kB/s)
[INFO] Downloading from central-https: https://repo.maven.apache.org/maven2/org/hibernate/validator/hibernate-validator-parent/8.0.2.Final/hibernate-validator-parent-8.0.2.Final.pom
[INFO] Downloaded from central-https: https://repo.maven.apache.org/maven2/org/hibernate/validator/hibernate-validator-parent/8.0.2.Final/hibernate-validator-parent-8.0.2.Final.pom (82 kB at 707 kB/s)
[INFO] Downloading from central-https: https://repo.maven.apache.org/maven2/org/jboss/arquillian/arquillian-bom/1.7.0.Alpha10/arquillian-bom-1.7.0.Alpha10.pom
[INFO] Downloaded from central-https: https://repo.maven.apache.org/maven2/org/jboss/arquillian/arquillian-bom/1.7.0.Alpha10/arquillian-bom-1.7.0.Alpha10.pom (10 kB at 108 kB/s)
[INFO] Downloading from central-https: https://repo.maven.apache.org/maven2/org/jboss/shrinkwrap/shrinkwrap-bom/1.2.6/shrinkwrap-bom-1.2.6.pom
[INFO] Downloaded from central-https: https://repo.maven.apache.org/maven2/org/jboss/shrinkwrap/shrinkwrap-bom/1.2.6/shrinkwrap-bom-1.2.6.pom (4.0 kB at 42 kB/s)
[INFO] Downloading from central-https: https://repo.maven.apache.org/maven2/org/jboss/shrinkwrap/resolver/shrinkwrap-resolver-bom/3.1.4/shrinkwrap-resolver-bom-3.1.4.pom
[INFO] Downloaded from central-https: https://repo.maven.apache.org/maven2/org/jboss/shrinkwrap/resolver/shrinkwrap-resolver-bom/3.1.4/shrinkwrap-resolver-bom-3.1.4.pom (7.0 kB at 79 kB/s)
[INFO] Downloading from central-https: https://repo.maven.apache.org/maven2/org/apache/maven/maven/3.6.3/maven-3.6.3.pom
[INFO] Downloaded from central-https: https://repo.maven.apache.org/maven2/org/apache/maven/maven/3.6.3/maven-3.6.3.pom (26 kB at 252 kB/s)
[INFO] Downloading from central-https: https://repo.maven.apache.org/maven2/org/apache/maven/maven-parent/33/maven-parent-33.pom
[INFO] Downloaded from central-https: https://repo.maven.apache.org/maven2/org/apache/maven/maven-parent/33/maven-parent-33.pom (44 kB at 437 kB/s)
[INFO] Downloading from central-https: https://repo.maven.apache.org/maven2/org/apache/apache/21/apache-21.pom
[INFO] Downloaded from central-https: https://repo.maven.apache.org/maven2/org/apache/apache/21/apache-21.pom (17 kB at 178 kB/s)
[INFO] Downloading from central-https: https://repo.maven.apache.org/maven2/org/jboss/shrinkwrap/descriptors/shrinkwrap-descriptors-bom/2.0.0/shrinkwrap-descriptors-bom-2.0.0.pom
[INFO] Downloaded from central-https: https://repo.maven.apache.org/maven2/org/jboss/shrinkwrap/descriptors/shrinkwrap-descriptors-bom/2.0.0/shrinkwrap-descriptors-bom-2.0.0.pom (5.2 kB at 54 kB/s)
[INFO] Downloading from central-https: https://repo.maven.apache.org/maven2/org/jboss/logging/jboss-logging/3.4.3.Final/jboss-logging-3.4.3.Final.pom
[INFO] Downloaded from central-https: https://repo.maven.apache.org/maven2/org/jboss/logging/jboss-logging/3.4.3.Final/jboss-logging-3.4.3.Final.pom (15 kB at 168 kB/s)
[INFO] Downloading from central-https: https://repo.maven.apache.org/maven2/org/jboss/jboss-parent/39/jboss-parent-39.pom
[INFO] Downloaded from central-https: https://repo.maven.apache.org/maven2/org/jboss/jboss-parent/39/jboss-parent-39.pom (68 kB at 729 kB/s)
[INFO] Downloading from central-https: https://repo.maven.apache.org/maven2/org/junit/junit-bom/5.8.2/junit-bom-5.8.2.pom
[INFO] Downloaded from central-https: https://repo.maven.apache.org/maven2/org/junit/junit-bom/5.8.2/junit-bom-5.8.2.pom (5.6 kB at 55 kB/s)
[INFO] Downloading from central-https: https://repo.maven.apache.org/maven2/com/fasterxml/classmate/1.5.1/classmate-1.5.1.pom
[INFO] Downloaded from central-https: https://repo.maven.apache.org/maven2/com/fasterxml/classmate/1.5.1/classmate-1.5.1.pom (7.3 kB at 72 kB/s)
[INFO] Downloading from central-https: https://repo.maven.apache.org/maven2/com/fasterxml/oss-parent/35/oss-parent-35.pom
[INFO] Downloaded from central-https: https://repo.maven.apache.org/maven2/com/fasterxml/oss-parent/35/oss-parent-35.pom (23 kB at 198 kB/s)
[INFO] Downloading from central-https: https://repo.maven.apache.org/maven2/org/glassfish/expressly/expressly/5.0.0/expressly-5.0.0.pom
[INFO] Downloaded from central-https: https://repo.maven.apache.org/maven2/org/glassfish/expressly/expressly/5.0.0/expressly-5.0.0.pom (11 kB at 95 kB/s)
[INFO] Downloading from central-https: https://repo.maven.apache.org/maven2/jakarta/el/jakarta.el-api/5.0.0/jakarta.el-api-5.0.0.pom
[INFO] Downloaded from central-https: https://repo.maven.apache.org/maven2/jakarta/el/jakarta.el-api/5.0.0/jakarta.el-api-5.0.0.pom (11 kB at 84 kB/s)
[INFO] Downloading from central-https: https://repo.maven.apache.org/maven2/org/junit/jupiter/junit-jupiter/5.11.4/junit-jupiter-5.11.4.pom
[INFO] Downloaded from central-https: https://repo.maven.apache.org/maven2/org/junit/jupiter/junit-jupiter/5.11.4/junit-jupiter-5.11.4.pom (3.2 kB at 20 kB/s)
[INFO] Downloading from central-https: https://repo.maven.apache.org/maven2/org/junit/junit-bom/5.11.4/junit-bom-5.11.4.pom
[INFO] Downloaded from central-https: https://repo.maven.apache.org/maven2/org/junit/junit-bom/5.11.4/junit-bom-5.11.4.pom (5.6 kB at 61 kB/s)
[INFO] Downloading from central-https: https://repo.maven.apache.org/maven2/org/junit/jupiter/junit-jupiter-api/5.11.4/junit-jupiter-api-5.11.4.pom
[INFO] Downloaded from central-https: https://repo.maven.apache.org/maven2/org/junit/jupiter/junit-jupiter-api/5.11.4/junit-jupiter-api-5.11.4.pom (3.2 kB at 32 kB/s)
[INFO] Downloading from central-https: https://repo.maven.apache.org/maven2/org/opentest4j/opentest4j/1.3.0/opentest4j-1.3.0.pom
[INFO] Downloaded from central-https: https://repo.maven.apache.org/maven2/org/opentest4j/opentest4j/1.3.0/opentest4j-1.3.0.pom (2.0 kB at 18 kB/s)
[INFO] Downloading from central-https: https://repo.maven.apache.org/maven2/org/junit/platform/junit-platform-commons/1.11.4/junit-platform-commons-1.11.4.pom
[INFO] Downloaded from central-https: https://repo.maven.apache.org/maven2/org/junit/platform/junit-platform-commons/1.11.4/junit-platform-commons-1.11.4.pom (2.8 kB at 26 kB/s)
[INFO] Downloading from central-https: https://repo.maven.apache.org/maven2/org/apiguardian/apiguardian-api/1.1.2/apiguardian-api-1.1.2.pom
[INFO] Downloaded from central-https: https://repo.maven.apache.org/maven2/org/apiguardian/apiguardian-api/1.1.2/apiguardian-api-1.1.2.pom (1.5 kB at 14 kB/s)
[INFO] Downloading from central-https: https://repo.maven.apache.org/maven2/org/junit/jupiter/junit-jupiter-params/5.11.4/junit-jupiter-params-5.11.4.pom
[INFO] Downloaded from central-https: https://repo.maven.apache.org/maven2/org/junit/jupiter/junit-jupiter-params/5.11.4/junit-jupiter-params-5.11.4.pom (3.0 kB at 29 kB/s)
[INFO] Downloading from central-https: https://repo.maven.apache.org/maven2/org/junit/jupiter/junit-jupiter-engine/5.11.4/junit-jupiter-engine-5.11.4.pom
[INFO] Downloaded from central-https: https://repo.maven.apache.org/maven2/org/junit/jupiter/junit-jupiter-engine/5.11.4/junit-jupiter-engine-5.11.4.pom (3.2 kB at 34 kB/s)
[INFO] Downloading from central-https: https://repo.maven.apache.org/maven2/org/junit/platform/junit-platform-engine/1.11.4/junit-platform-engine-1.11.4.pom
[INFO] Downloaded from central-https: https://repo.maven.apache.org/maven2/org/junit/platform/junit-platform-engine/1.11.4/junit-platform-engine-1.11.4.pom (3.2 kB at 37 kB/s)
[INFO] Downloading from central-https: https://repo.maven.apache.org/maven2/jakarta/platform/jakarta.jakartaee-api/10.0.0/jakarta.jakartaee-api-10.0.0.jar
[INFO] Downloaded from central-https: https://repo.maven.apache.org/maven2/jakarta/platform/jakarta.jakartaee-api/10.0.0/jakarta.jakartaee-api-10.0.0.jar (2.3 MB at 6.3 MB/s)
[INFO] Downloading from central-https: https://repo.maven.apache.org/maven2/jakarta/platform/jakarta.jakartaee-web-api/10.0.0/jakarta.jakartaee-web-api-10.0.0.jar
[INFO] Downloading from central-https: https://repo.maven.apache.org/maven2/jakarta/servlet/jakarta.servlet-api/6.0.0/jakarta.servlet-api-6.0.0.jar
[INFO] Downloading from central-https: https://repo.maven.apache.org/maven2/jakarta/servlet/jsp/jakarta.servlet.jsp-api/3.1.0/jakarta.servlet.jsp-api-3.1.0.jar
[INFO] Downloading from central-https: https://repo.maven.apache.org/maven2/jakarta/servlet/jsp/jstl/jakarta.servlet.jsp.jstl-api/3.0.0/jakarta.servlet.jsp.jstl-api-3.0.0.jar
[INFO] Downloading from central-https: https://repo.maven.apache.org/maven2/jakarta/faces/jakarta.faces-api/4.0.1/jakarta.faces-api-4.0.1.jar
[INFO] Downloaded from central-https: https://repo.maven.apache.org/maven2/jakarta/servlet/jakarta.servlet-api/6.0.0/jakarta.servlet-api-6.0.0.jar (348 kB at 3.2 MB/s)
[INFO] Downloading from central-https: https://repo.maven.apache.org/maven2/jakarta/ws/rs/jakarta.ws.rs-api/3.1.0/jakarta.ws.rs-api-3.1.0.jar
[INFO] Downloaded from central-https: https://repo.maven.apache.org/maven2/jakarta/servlet/jsp/jstl/jakarta.servlet.jsp.jstl-api/3.0.0/jakarta.servlet.jsp.jstl-api-3.0.0.jar (46 kB at 360 kB/s)
[INFO] Downloading from central-https: https://repo.maven.apache.org/maven2/jakarta/websocket/jakarta.websocket-api/2.1.0/jakarta.websocket-api-2.1.0.jar
[INFO] Downloaded from central-https: https://repo.maven.apache.org/maven2/jakarta/servlet/jsp/jakarta.servlet.jsp-api/3.1.0/jakarta.servlet.jsp-api-3.1.0.jar (71 kB at 539 kB/s)
[INFO] Downloading from central-https: https://repo.maven.apache.org/maven2/jakarta/websocket/jakarta.websocket-client-api/2.1.0/jakarta.websocket-client-api-2.1.0.jar
[INFO] Downloaded from central-https: https://repo.maven.apache.org/maven2/jakarta/websocket/jakarta.websocket-client-api/2.1.0/jakarta.websocket-client-api-2.1.0.jar (42 kB at 222 kB/s)
[INFO] Downloading from central-https: https://repo.maven.apache.org/maven2/jakarta/json/jakarta.json-api/2.1.0/jakarta.json-api-2.1.0.jar
[INFO] Downloaded from central-https: https://repo.maven.apache.org/maven2/jakarta/websocket/jakarta.websocket-api/2.1.0/jakarta.websocket-api-2.1.0.jar (24 kB at 125 kB/s)
[INFO] Downloading from central-https: https://repo.maven.apache.org/maven2/jakarta/json/bind/jakarta.json.bind-api/3.0.0/jakarta.json.bind-api-3.0.0.jar
[INFO] Downloaded from central-https: https://repo.maven.apache.org/maven2/jakarta/ws/rs/jakarta.ws.rs-api/3.1.0/jakarta.ws.rs-api-3.1.0.jar (155 kB at 752 kB/s)
[INFO] Downloading from central-https: https://repo.maven.apache.org/maven2/jakarta/annotation/jakarta.annotation-api/2.1.1/jakarta.annotation-api-2.1.1.jar
[INFO] Downloaded from central-https: https://repo.maven.apache.org/maven2/jakarta/json/bind/jakarta.json.bind-api/3.0.0/jakarta.json.bind-api-3.0.0.jar (37 kB at 146 kB/s)
[INFO] Downloading from central-https: https://repo.maven.apache.org/maven2/jakarta/ejb/jakarta.ejb-api/4.0.1/jakarta.ejb-api-4.0.1.jar
[INFO] Downloaded from central-https: https://repo.maven.apache.org/maven2/jakarta/json/jakarta.json-api/2.1.0/jakarta.json-api-2.1.0.jar (49 kB at 191 kB/s)
[INFO] Downloading from central-https: https://repo.maven.apache.org/maven2/jakarta/transaction/jakarta.transaction-api/2.0.1/jakarta.transaction-api-2.0.1.jar
[INFO] Downloaded from central-https: https://repo.maven.apache.org/maven2/jakarta/annotation/jakarta.annotation-api/2.1.1/jakarta.annotation-api-2.1.1.jar (26 kB at 81 kB/s)
[INFO] Downloading from central-https: https://repo.maven.apache.org/maven2/jakarta/interceptor/jakarta.interceptor-api/2.1.0/jakarta.interceptor-api-2.1.0.jar
[INFO] Downloaded from central-https: https://repo.maven.apache.org/maven2/jakarta/platform/jakarta.jakartaee-web-api/10.0.0/jakarta.jakartaee-web-api-10.0.0.jar (1.7 MB at 5.0 MB/s)
[INFO] Downloading from central-https: https://repo.maven.apache.org/maven2/jakarta/enterprise/jakarta.enterprise.cdi-api/4.0.1/jakarta.enterprise.cdi-api-4.0.1.jar
[INFO] Downloaded from central-https: https://repo.maven.apache.org/maven2/jakarta/ejb/jakarta.ejb-api/4.0.1/jakarta.ejb-api-4.0.1.jar (62 kB at 182 kB/s)
[INFO] Downloading from central-https: https://repo.maven.apache.org/maven2/jakarta/enterprise/jakarta.enterprise.lang-model/4.0.1/jakarta.enterprise.lang-model-4.0.1.jar
[INFO] Downloaded from central-https: https://repo.maven.apache.org/maven2/jakarta/transaction/jakarta.transaction-api/2.0.1/jakarta.transaction-api-2.0.1.jar (29 kB at 82 kB/s)
[INFO] Downloading from central-https: https://repo.maven.apache.org/maven2/jakarta/inject/jakarta.inject-api/2.0.1/jakarta.inject-api-2.0.1.jar
[INFO] Downloaded from central-https: https://repo.maven.apache.org/maven2/jakarta/faces/jakarta.faces-api/4.0.1/jakarta.faces-api-4.0.1.jar (719 kB at 2.0 MB/s)
[INFO] Downloading from central-https: https://repo.maven.apache.org/maven2/jakarta/authentication/jakarta.authentication-api/3.0.0/jakarta.authentication-api-3.0.0.jar
[INFO] Downloaded from central-https: https://repo.maven.apache.org/maven2/jakarta/interceptor/jakarta.interceptor-api/2.1.0/jakarta.interceptor-api-2.1.0.jar (25 kB at 64 kB/s)
[INFO] Downloading from central-https: https://repo.maven.apache.org/maven2/jakarta/security/enterprise/jakarta.security.enterprise-api/3.0.0/jakarta.security.enterprise-api-3.0.0.jar
[INFO] Downloaded from central-https: https://repo.maven.apache.org/maven2/jakarta/enterprise/jakarta.enterprise.lang-model/4.0.1/jakarta.enterprise.lang-model-4.0.1.jar (26 kB at 64 kB/s)
[INFO] Downloaded from central-https: https://repo.maven.apache.org/maven2/jakarta/enterprise/jakarta.enterprise.cdi-api/4.0.1/jakarta.enterprise.cdi-api-4.0.1.jar (151 kB at 368 kB/s)
[INFO] Downloading from central-https: https://repo.maven.apache.org/maven2/jakarta/jms/jakarta.jms-api/3.1.0/jakarta.jms-api-3.1.0.jar
[INFO] Downloading from central-https: https://repo.maven.apache.org/maven2/jakarta/activation/jakarta.activation-api/2.1.0/jakarta.activation-api-2.1.0.jar
[INFO] Downloaded from central-https: https://repo.maven.apache.org/maven2/jakarta/inject/jakarta.inject-api/2.0.1/jakarta.inject-api-2.0.1.jar (11 kB at 25 kB/s)
[INFO] Downloading from central-https: https://repo.maven.apache.org/maven2/jakarta/mail/jakarta.mail-api/2.1.0/jakarta.mail-api-2.1.0.jar
[INFO] Downloaded from central-https: https://repo.maven.apache.org/maven2/jakarta/security/enterprise/jakarta.security.enterprise-api/3.0.0/jakarta.security.enterprise-api-3.0.0.jar (85 kB at 180 kB/s)
[INFO] Downloading from central-https: https://repo.maven.apache.org/maven2/jakarta/resource/jakarta.resource-api/2.1.0/jakarta.resource-api-2.1.0.jar
[INFO] Downloaded from central-https: https://repo.maven.apache.org/maven2/jakarta/authentication/jakarta.authentication-api/3.0.0/jakarta.authentication-api-3.0.0.jar (45 kB at 94 kB/s)
[INFO] Downloading from central-https: https://repo.maven.apache.org/maven2/jakarta/authorization/jakarta.authorization-api/2.1.0/jakarta.authorization-api-2.1.0.jar
[INFO] Downloaded from central-https: https://repo.maven.apache.org/maven2/jakarta/jms/jakarta.jms-api/3.1.0/jakarta.jms-api-3.1.0.jar (59 kB at 123 kB/s)
[INFO] Downloading from central-https: https://repo.maven.apache.org/maven2/jakarta/batch/jakarta.batch-api/2.1.1/jakarta.batch-api-2.1.1.jar
[INFO] Downloaded from central-https: https://repo.maven.apache.org/maven2/jakarta/activation/jakarta.activation-api/2.1.0/jakarta.activation-api-2.1.0.jar (63 kB at 131 kB/s)
[INFO] Downloading from central-https: https://repo.maven.apache.org/maven2/org/eclipse/persistence/eclipselink/4.0.5/eclipselink-4.0.5.jar
[INFO] Downloaded from central-https: https://repo.maven.apache.org/maven2/jakarta/mail/jakarta.mail-api/2.1.0/jakarta.mail-api-2.1.0.jar (236 kB at 447 kB/s)
[INFO] Downloading from central-https: https://repo.maven.apache.org/maven2/jakarta/persistence/jakarta.persistence-api/3.1.0/jakarta.persistence-api-3.1.0.jar
[INFO] Downloaded from central-https: https://repo.maven.apache.org/maven2/jakarta/resource/jakarta.resource-api/2.1.0/jakarta.resource-api-2.1.0.jar (65 kB at 121 kB/s)
[INFO] Downloading from central-https: https://repo.maven.apache.org/maven2/jakarta/xml/bind/jakarta.xml.bind-api/4.0.2/jakarta.xml.bind-api-4.0.2.jar
[INFO] Downloaded from central-https: https://repo.maven.apache.org/maven2/jakarta/authorization/jakarta.authorization-api/2.1.0/jakarta.authorization-api-2.1.0.jar (47 kB at 87 kB/s)
[INFO] Downloading from central-https: https://repo.maven.apache.org/maven2/com/sun/xml/bind/jaxb-xjc/4.0.5/jaxb-xjc-4.0.5.jar
[INFO] Downloaded from central-https: https://repo.maven.apache.org/maven2/jakarta/batch/jakarta.batch-api/2.1.1/jakarta.batch-api-2.1.1.jar (46 kB at 81 kB/s)
[INFO] Downloading from central-https: https://repo.maven.apache.org/maven2/com/sun/xml/bind/jaxb-core/4.0.5/jaxb-core-4.0.5.jar
[INFO] Downloaded from central-https: https://repo.maven.apache.org/maven2/jakarta/persistence/jakarta.persistence-api/3.1.0/jakarta.persistence-api-3.1.0.jar (165 kB at 270 kB/s)
[INFO] Downloading from central-https: https://repo.maven.apache.org/maven2/org/eclipse/angus/angus-activation/2.0.2/angus-activation-2.0.2.jar
[INFO] Downloaded from central-https: https://repo.maven.apache.org/maven2/jakarta/xml/bind/jakarta.xml.bind-api/4.0.2/jakarta.xml.bind-api-4.0.2.jar (131 kB at 213 kB/s)
[INFO] Downloading from central-https: https://repo.maven.apache.org/maven2/org/postgresql/postgresql/42.7.5/postgresql-42.7.5.jar
[INFO] Downloaded from central-https: https://repo.maven.apache.org/maven2/com/sun/xml/bind/jaxb-core/4.0.5/jaxb-core-4.0.5.jar (235 kB at 343 kB/s)
[INFO] Downloading from central-https: https://repo.maven.apache.org/maven2/org/checkerframework/checker-qual/3.48.3/checker-qual-3.48.3.jar
[INFO] Downloaded from central-https: https://repo.maven.apache.org/maven2/org/eclipse/angus/angus-activation/2.0.2/angus-activation-2.0.2.jar (27 kB at 37 kB/s)
[INFO] Downloading from central-https: https://repo.maven.apache.org/maven2/org/hibernate/validator/hibernate-validator/8.0.2.Final/hibernate-validator-8.0.2.Final.jar
[INFO] Downloaded from central-https: https://repo.maven.apache.org/maven2/com/sun/xml/bind/jaxb-xjc/4.0.5/jaxb-xjc-4.0.5.jar (1.9 MB at 2.5 MB/s)
[INFO] Downloading from central-https: https://repo.maven.apache.org/maven2/jakarta/validation/jakarta.validation-api/3.0.2/jakarta.validation-api-3.0.2.jar
[INFO] Downloaded from central-https: https://repo.maven.apache.org/maven2/org/checkerframework/checker-qual/3.48.3/checker-qual-3.48.3.jar (239 kB at 298 kB/s)
[INFO] Downloading from central-https: https://repo.maven.apache.org/maven2/org/jboss/logging/jboss-logging/3.4.3.Final/jboss-logging-3.4.3.Final.jar
[INFO] Downloaded from central-https: https://repo.maven.apache.org/maven2/jakarta/validation/jakarta.validation-api/3.0.2/jakarta.validation-api-3.0.2.jar (93 kB at 106 kB/s)
[INFO] Downloading from central-https: https://repo.maven.apache.org/maven2/com/fasterxml/classmate/1.5.1/classmate-1.5.1.jar
[INFO] Downloaded from central-https: https://repo.maven.apache.org/maven2/org/postgresql/postgresql/42.7.5/postgresql-42.7.5.jar (1.1 MB at 1.2 MB/s)
[INFO] Downloading from central-https: https://repo.maven.apache.org/maven2/org/glassfish/expressly/expressly/5.0.0/expressly-5.0.0.jar
[INFO] Downloaded from central-https: https://repo.maven.apache.org/maven2/org/jboss/logging/jboss-logging/3.4.3.Final/jboss-logging-3.4.3.Final.jar (61 kB at 67 kB/s)
[INFO] Downloading from central-https: https://repo.maven.apache.org/maven2/jakarta/el/jakarta.el-api/5.0.0/jakarta.el-api-5.0.0.jar
[INFO] Downloaded from central-https: https://repo.maven.apache.org/maven2/org/hibernate/validator/hibernate-validator/8.0.2.Final/hibernate-validator-8.0.2.Final.jar (1.3 MB at 1.4 MB/s)
[INFO] Downloading from central-https: https://repo.maven.apache.org/maven2/org/junit/jupiter/junit-jupiter/5.11.4/junit-jupiter-5.11.4.jar
[INFO] Downloaded from central-https: https://repo.maven.apache.org/maven2/org/glassfish/expressly/expressly/5.0.0/expressly-5.0.0.jar (172 kB at 173 kB/s)
[INFO] Downloading from central-https: https://repo.maven.apache.org/maven2/org/junit/jupiter/junit-jupiter-api/5.11.4/junit-jupiter-api-5.11.4.jar
[INFO] Downloaded from central-https: https://repo.maven.apache.org/maven2/org/junit/jupiter/junit-jupiter/5.11.4/junit-jupiter-5.11.4.jar (6.4 kB at 6.2 kB/s)
[INFO] Downloading from central-https: https://repo.maven.apache.org/maven2/org/opentest4j/opentest4j/1.3.0/opentest4j-1.3.0.jar
[INFO] Downloaded from central-https: https://repo.maven.apache.org/maven2/jakarta/el/jakarta.el-api/5.0.0/jakarta.el-api-5.0.0.jar (88 kB at 85 kB/s)
[INFO] Downloading from central-https: https://repo.maven.apache.org/maven2/org/junit/platform/junit-platform-commons/1.11.4/junit-platform-commons-1.11.4.jar
[INFO] Downloaded from central-https: https://repo.maven.apache.org/maven2/com/fasterxml/classmate/1.5.1/classmate-1.5.1.jar (68 kB at 64 kB/s)
[INFO] Downloading from central-https: https://repo.maven.apache.org/maven2/org/apiguardian/apiguardian-api/1.1.2/apiguardian-api-1.1.2.jar
[INFO] Downloaded from central-https: https://repo.maven.apache.org/maven2/org/junit/jupiter/junit-jupiter-api/5.11.4/junit-jupiter-api-5.11.4.jar (216 kB at 197 kB/s)
[INFO] Downloading from central-https: https://repo.maven.apache.org/maven2/org/junit/jupiter/junit-jupiter-params/5.11.4/junit-jupiter-params-5.11.4.jar
[INFO] Downloaded from central-https: https://repo.maven.apache.org/maven2/org/junit/platform/junit-platform-commons/1.11.4/junit-platform-commons-1.11.4.jar (142 kB at 128 kB/s)
[INFO] Downloading from central-https: https://repo.maven.apache.org/maven2/org/junit/jupiter/junit-jupiter-engine/5.11.4/junit-jupiter-engine-5.11.4.jar
[INFO] Downloaded from central-https: https://repo.maven.apache.org/maven2/org/opentest4j/opentest4j/1.3.0/opentest4j-1.3.0.jar (14 kB at 13 kB/s)
[INFO] Downloading from central-https: https://repo.maven.apache.org/maven2/org/junit/platform/junit-platform-engine/1.11.4/junit-platform-engine-1.11.4.jar
[INFO] Downloaded from central-https: https://repo.maven.apache.org/maven2/org/apiguardian/apiguardian-api/1.1.2/apiguardian-api-1.1.2.jar (6.8 kB at 5.9 kB/s)
[INFO] Downloaded from central-https: https://repo.maven.apache.org/maven2/org/junit/jupiter/junit-jupiter-params/5.11.4/junit-jupiter-params-5.11.4.jar (592 kB at 441 kB/s)
[INFO] Downloaded from central-https: https://repo.maven.apache.org/maven2/org/junit/jupiter/junit-jupiter-engine/5.11.4/junit-jupiter-engine-5.11.4.jar (260 kB at 194 kB/s)
[INFO] Downloaded from central-https: https://repo.maven.apache.org/maven2/org/junit/platform/junit-platform-engine/1.11.4/junit-platform-engine-1.11.4.jar (247 kB at 183 kB/s)
[INFO] Downloaded from central-https: https://repo.maven.apache.org/maven2/org/eclipse/persistence/eclipselink/4.0.5/eclipselink-4.0.5.jar (9.2 MB at 5.4 MB/s)
[INFO] 
[INFO] --- resources:3.3.1:resources (default-resources) @ movie-lab ---
[INFO] Downloading from central-https: https://repo.maven.apache.org/maven2/org/codehaus/plexus/plexus-interpolation/1.26/plexus-interpolation-1.26.pom
[INFO] Downloaded from central-https: https://repo.maven.apache.org/maven2/org/codehaus/plexus/plexus-interpolation/1.26/plexus-interpolation-1.26.pom (2.7 kB at 41 kB/s)
[INFO] Downloading from central-https: https://repo.maven.apache.org/maven2/org/codehaus/plexus/plexus/5.1/plexus-5.1.pom
[INFO] Downloaded from central-https: https://repo.maven.apache.org/maven2/org/codehaus/plexus/plexus/5.1/plexus-5.1.pom (23 kB at 381 kB/s)
[INFO] Downloading from central-https: https://repo.maven.apache.org/maven2/org/codehaus/plexus/plexus-utils/3.5.1/plexus-utils-3.5.1.pom
[INFO] Downloaded from central-https: https://repo.maven.apache.org/maven2/org/codehaus/plexus/plexus-utils/3.5.1/plexus-utils-3.5.1.pom (8.8 kB at 135 kB/s)
[INFO] Downloading from central-https: https://repo.maven.apache.org/maven2/org/codehaus/plexus/plexus/10/plexus-10.pom
[INFO] Downloaded from central-https: https://repo.maven.apache.org/maven2/org/codehaus/plexus/plexus/10/plexus-10.pom (25 kB at 348 kB/s)
[INFO] Downloading from central-https: https://repo.maven.apache.org/maven2/org/apache/maven/shared/maven-filtering/3.3.1/maven-filtering-3.3.1.pom
[INFO] Downloaded from central-https: https://repo.maven.apache.org/maven2/org/apache/maven/shared/maven-filtering/3.3.1/maven-filtering-3.3.1.pom (6.0 kB at 87 kB/s)
[INFO] Downloading from central-https: https://repo.maven.apache.org/maven2/org/apache/maven/shared/maven-shared-components/39/maven-shared-components-39.pom
[INFO] Downloaded from central-https: https://repo.maven.apache.org/maven2/org/apache/maven/shared/maven-shared-components/39/maven-shared-components-39.pom (3.2 kB at 48 kB/s)
[INFO] Downloading from central-https: https://repo.maven.apache.org/maven2/javax/inject/javax.inject/1/javax.inject-1.pom
[INFO] Downloaded from central-https: https://repo.maven.apache.org/maven2/javax/inject/javax.inject/1/javax.inject-1.pom (612 B at 11 kB/s)
[INFO] Downloading from central-https: https://repo.maven.apache.org/maven2/org/slf4j/slf4j-api/1.7.36/slf4j-api-1.7.36.pom
[INFO] Downloaded from central-https: https://repo.maven.apache.org/maven2/org/slf4j/slf4j-api/1.7.36/slf4j-api-1.7.36.pom (2.7 kB at 46 kB/s)
[INFO] Downloading from central-https: https://repo.maven.apache.org/maven2/org/slf4j/slf4j-parent/1.7.36/slf4j-parent-1.7.36.pom
[INFO] Downloaded from central-https: https://repo.maven.apache.org/maven2/org/slf4j/slf4j-parent/1.7.36/slf4j-parent-1.7.36.pom (14 kB at 210 kB/s)
[INFO] Downloading from central-https: https://repo.maven.apache.org/maven2/org/sonatype/plexus/plexus-build-api/0.0.7/plexus-build-api-0.0.7.pom
[INFO] Downloaded from central-https: https://repo.maven.apache.org/maven2/org/sonatype/plexus/plexus-build-api/0.0.7/plexus-build-api-0.0.7.pom (3.2 kB at 56 kB/s)
[INFO] Downloading from central-https: https://repo.maven.apache.org/maven2/org/sonatype/spice/spice-parent/15/spice-parent-15.pom
[INFO] Downloaded from central-https: https://repo.maven.apache.org/maven2/org/sonatype/spice/spice-parent/15/spice-parent-15.pom (8.4 kB at 86 kB/s)
[INFO] Downloading from central-https: https://repo.maven.apache.org/maven2/org/sonatype/forge/forge-parent/5/forge-parent-5.pom
[INFO] Downloaded from central-https: https://repo.maven.apache.org/maven2/org/sonatype/forge/forge-parent/5/forge-parent-5.pom (8.4 kB at 137 kB/s)
[INFO] Downloading from central-https: https://repo.maven.apache.org/maven2/org/codehaus/plexus/plexus-utils/3.5.0/plexus-utils-3.5.0.pom
[INFO] Downloaded from central-https: https://repo.maven.apache.org/maven2/org/codehaus/plexus/plexus-utils/3.5.0/plexus-utils-3.5.0.pom (8.0 kB at 123 kB/s)
[INFO] Downloading from central-https: https://repo.maven.apache.org/maven2/commons-io/commons-io/2.11.0/commons-io-2.11.0.pom
[INFO] Downloaded from central-https: https://repo.maven.apache.org/maven2/commons-io/commons-io/2.11.0/commons-io-2.11.0.pom (20 kB at 365 kB/s)
[INFO] Downloading from central-https: https://repo.maven.apache.org/maven2/org/apache/commons/commons-parent/52/commons-parent-52.pom
[INFO] Downloaded from central-https: https://repo.maven.apache.org/maven2/org/apache/commons/commons-parent/52/commons-parent-52.pom (79 kB at 1.3 MB/s)
[INFO] Downloading from central-https: https://repo.maven.apache.org/maven2/org/apache/apache/23/apache-23.pom
[INFO] Downloaded from central-https: https://repo.maven.apache.org/maven2/org/apache/apache/23/apache-23.pom (18 kB at 302 kB/s)
[INFO] Downloading from central-https: https://repo.maven.apache.org/maven2/org/junit/junit-bom/5.7.2/junit-bom-5.7.2.pom
[INFO] Downloaded from central-https: https://repo.maven.apache.org/maven2/org/junit/junit-bom/5.7.2/junit-bom-5.7.2.pom (5.1 kB at 77 kB/s)
[INFO] Downloading from central-https: https://repo.maven.apache.org/maven2/org/apache/commons/commons-lang3/3.12.0/commons-lang3-3.12.0.pom
[INFO] Downloaded from central-https: https://repo.maven.apache.org/maven2/org/apache/commons/commons-lang3/3.12.0/commons-lang3-3.12.0.pom (31 kB at 472 kB/s)
[INFO] Downloading from central-https: https://repo.maven.apache.org/maven2/org/junit/junit-bom/5.7.1/junit-bom-5.7.1.pom
[INFO] Downloaded from central-https: https://repo.maven.apache.org/maven2/org/junit/junit-bom/5.7.1/junit-bom-5.7.1.pom (5.1 kB at 102 kB/s)
[INFO] Downloading from central-https: https://repo.maven.apache.org/maven2/org/codehaus/plexus/plexus-interpolation/1.26/plexus-interpolation-1.26.jar
[INFO] Downloaded from central-https: https://repo.maven.apache.org/maven2/org/codehaus/plexus/plexus-interpolation/1.26/plexus-interpolation-1.26.jar (85 kB at 1.6 MB/s)
[INFO] Downloading from central-https: https://repo.maven.apache.org/maven2/org/codehaus/plexus/plexus-utils/3.5.1/plexus-utils-3.5.1.jar
[INFO] Downloading from central-https: https://repo.maven.apache.org/maven2/org/apache/maven/shared/maven-filtering/3.3.1/maven-filtering-3.3.1.jar
[INFO] Downloading from central-https: https://repo.maven.apache.org/maven2/javax/inject/javax.inject/1/javax.inject-1.jar
[INFO] Downloading from central-https: https://repo.maven.apache.org/maven2/org/slf4j/slf4j-api/1.7.36/slf4j-api-1.7.36.jar
[INFO] Downloading from central-https: https://repo.maven.apache.org/maven2/org/sonatype/plexus/plexus-build-api/0.0.7/plexus-build-api-0.0.7.jar
[INFO] Downloaded from central-https: https://repo.maven.apache.org/maven2/org/apache/maven/shared/maven-filtering/3.3.1/maven-filtering-3.3.1.jar (55 kB at 764 kB/s)
[INFO] Downloading from central-https: https://repo.maven.apache.org/maven2/commons-io/commons-io/2.11.0/commons-io-2.11.0.jar
[INFO] Downloaded from central-https: https://repo.maven.apache.org/maven2/org/sonatype/plexus/plexus-build-api/0.0.7/plexus-build-api-0.0.7.jar (8.5 kB at 103 kB/s)
[INFO] Downloading from central-https: https://repo.maven.apache.org/maven2/org/apache/commons/commons-lang3/3.12.0/commons-lang3-3.12.0.jar
[INFO] Downloaded from central-https: https://repo.maven.apache.org/maven2/org/codehaus/plexus/plexus-utils/3.5.1/plexus-utils-3.5.1.jar (269 kB at 3.0 MB/s)
[INFO] Downloaded from central-https: https://repo.maven.apache.org/maven2/org/slf4j/slf4j-api/1.7.36/slf4j-api-1.7.36.jar (41 kB at 438 kB/s)
[INFO] Downloaded from central-https: https://repo.maven.apache.org/maven2/javax/inject/javax.inject/1/javax.inject-1.jar (2.5 kB at 21 kB/s)
[INFO] Downloaded from central-https: https://repo.maven.apache.org/maven2/commons-io/commons-io/2.11.0/commons-io-2.11.0.jar (327 kB at 1.9 MB/s)
[INFO] Downloaded from central-https: https://repo.maven.apache.org/maven2/org/apache/commons/commons-lang3/3.12.0/commons-lang3-3.12.0.jar (587 kB at 3.2 MB/s)
[INFO] Copying 1 resource from src\main\resources to target\classes
[INFO] 
[INFO] --- compiler:3.13.0:compile (default-compile) @ movie-lab ---
[INFO] Downloading from central-https: https://repo.maven.apache.org/maven2/org/apache/maven/shared/maven-shared-utils/3.4.2/maven-shared-utils-3.4.2.pom
[INFO] Downloaded from central-https: https://repo.maven.apache.org/maven2/org/apache/maven/shared/maven-shared-utils/3.4.2/maven-shared-utils-3.4.2.pom (5.9 kB at 105 kB/s)
[INFO] Downloading from central-https: https://repo.maven.apache.org/maven2/org/apache/maven/shared/maven-shared-incremental/1.1/maven-shared-incremental-1.1.pom
[INFO] Downloaded from central-https: https://repo.maven.apache.org/maven2/org/apache/maven/shared/maven-shared-incremental/1.1/maven-shared-incremental-1.1.pom (4.7 kB at 80 kB/s)
[INFO] Downloading from central-https: https://repo.maven.apache.org/maven2/org/apache/maven/shared/maven-shared-components/19/maven-shared-components-19.pom
[INFO] Downloaded from central-https: https://repo.maven.apache.org/maven2/org/apache/maven/shared/maven-shared-components/19/maven-shared-components-19.pom (6.4 kB at 130 kB/s)
[INFO] Downloading from central-https: https://repo.maven.apache.org/maven2/org/apache/maven/maven-parent/23/maven-parent-23.pom
[INFO] Downloaded from central-https: https://repo.maven.apache.org/maven2/org/apache/maven/maven-parent/23/maven-parent-23.pom (33 kB at 517 kB/s)
[INFO] Downloading from central-https: https://repo.maven.apache.org/maven2/org/apache/apache/13/apache-13.pom
[INFO] Downloaded from central-https: https://repo.maven.apache.org/maven2/org/apache/apache/13/apache-13.pom (14 kB at 245 kB/s)
[INFO] Downloading from central-https: https://repo.maven.apache.org/maven2/org/codehaus/plexus/plexus-java/1.2.0/plexus-java-1.2.0.pom
[INFO] Downloaded from central-https: https://repo.maven.apache.org/maven2/org/codehaus/plexus/plexus-java/1.2.0/plexus-java-1.2.0.pom (4.3 kB at 82 kB/s)
[INFO] Downloading from central-https: https://repo.maven.apache.org/maven2/org/codehaus/plexus/plexus-languages/1.2.0/plexus-languages-1.2.0.pom
[INFO] Downloaded from central-https: https://repo.maven.apache.org/maven2/org/codehaus/plexus/plexus-languages/1.2.0/plexus-languages-1.2.0.pom (3.2 kB at 67 kB/s)
[INFO] Downloading from central-https: https://repo.maven.apache.org/maven2/org/codehaus/plexus/plexus/15/plexus-15.pom
[INFO] Downloaded from central-https: https://repo.maven.apache.org/maven2/org/codehaus/plexus/plexus/15/plexus-15.pom (28 kB at 496 kB/s)
[INFO] Downloading from central-https: https://repo.maven.apache.org/maven2/org/junit/junit-bom/5.10.0/junit-bom-5.10.0.pom
[INFO] Downloaded from central-https: https://repo.maven.apache.org/maven2/org/junit/junit-bom/5.10.0/junit-bom-5.10.0.pom (5.6 kB at 115 kB/s)
[INFO] Downloading from central-https: https://repo.maven.apache.org/maven2/org/ow2/asm/asm/9.6/asm-9.6.pom
[INFO] Downloaded from central-https: https://repo.maven.apache.org/maven2/org/ow2/asm/asm/9.6/asm-9.6.pom (2.4 kB at 49 kB/s)
[INFO] Downloading from central-https: https://repo.maven.apache.org/maven2/org/ow2/ow2/1.5.1/ow2-1.5.1.pom
[INFO] Downloaded from central-https: https://repo.maven.apache.org/maven2/org/ow2/ow2/1.5.1/ow2-1.5.1.pom (11 kB at 209 kB/s)
[INFO] Downloading from central-https: https://repo.maven.apache.org/maven2/com/thoughtworks/qdox/qdox/2.0.3/qdox-2.0.3.pom
[INFO] Downloaded from central-https: https://repo.maven.apache.org/maven2/com/thoughtworks/qdox/qdox/2.0.3/qdox-2.0.3.pom (17 kB at 313 kB/s)
[INFO] Downloading from central-https: https://repo.maven.apache.org/maven2/org/sonatype/oss/oss-parent/9/oss-parent-9.pom
[INFO] Downloaded from central-https: https://repo.maven.apache.org/maven2/org/sonatype/oss/oss-parent/9/oss-parent-9.pom (6.6 kB at 140 kB/s)
[INFO] Downloading from central-https: https://repo.maven.apache.org/maven2/org/codehaus/plexus/plexus-compiler-api/2.15.0/plexus-compiler-api-2.15.0.pom
[INFO] Downloaded from central-https: https://repo.maven.apache.org/maven2/org/codehaus/plexus/plexus-compiler-api/2.15.0/plexus-compiler-api-2.15.0.pom (1.4 kB at 16 kB/s)
[INFO] Downloading from central-https: https://repo.maven.apache.org/maven2/org/codehaus/plexus/plexus-compiler/2.15.0/plexus-compiler-2.15.0.pom
[INFO] Downloaded from central-https: https://repo.maven.apache.org/maven2/org/codehaus/plexus/plexus-compiler/2.15.0/plexus-compiler-2.15.0.pom (7.6 kB at 143 kB/s)
[INFO] Downloading from central-https: https://repo.maven.apache.org/maven2/org/codehaus/plexus/plexus/17/plexus-17.pom
[INFO] Downloaded from central-https: https://repo.maven.apache.org/maven2/org/codehaus/plexus/plexus/17/plexus-17.pom (28 kB at 522 kB/s)
[INFO] Downloading from central-https: https://repo.maven.apache.org/maven2/org/junit/junit-bom/5.10.2/junit-bom-5.10.2.pom
[INFO] Downloaded from central-https: https://repo.maven.apache.org/maven2/org/junit/junit-bom/5.10.2/junit-bom-5.10.2.pom (5.6 kB at 115 kB/s)
[INFO] Downloading from central-https: https://repo.maven.apache.org/maven2/org/codehaus/plexus/plexus-utils/4.0.0/plexus-utils-4.0.0.pom
[INFO] Downloaded from central-https: https://repo.maven.apache.org/maven2/org/codehaus/plexus/plexus-utils/4.0.0/plexus-utils-4.0.0.pom (8.7 kB at 173 kB/s)
[INFO] Downloading from central-https: https://repo.maven.apache.org/maven2/org/codehaus/plexus/plexus/13/plexus-13.pom
[INFO] Downloaded from central-https: https://repo.maven.apache.org/maven2/org/codehaus/plexus/plexus/13/plexus-13.pom (27 kB at 489 kB/s)
[INFO] Downloading from central-https: https://repo.maven.apache.org/maven2/org/junit/junit-bom/5.9.3/junit-bom-5.9.3.pom
[INFO] Downloaded from central-https: https://repo.maven.apache.org/maven2/org/junit/junit-bom/5.9.3/junit-bom-5.9.3.pom (5.6 kB at 94 kB/s)
[INFO] Downloading from central-https: https://repo.maven.apache.org/maven2/org/codehaus/plexus/plexus-compiler-manager/2.15.0/plexus-compiler-manager-2.15.0.pom
[INFO] Downloaded from central-https: https://repo.maven.apache.org/maven2/org/codehaus/plexus/plexus-compiler-manager/2.15.0/plexus-compiler-manager-2.15.0.pom (1.3 kB at 23 kB/s)
[INFO] Downloading from central-https: https://repo.maven.apache.org/maven2/org/codehaus/plexus/plexus-xml/3.0.0/plexus-xml-3.0.0.pom
[INFO] Downloaded from central-https: https://repo.maven.apache.org/maven2/org/codehaus/plexus/plexus-xml/3.0.0/plexus-xml-3.0.0.pom (3.7 kB at 72 kB/s)
[INFO] Downloading from central-https: https://repo.maven.apache.org/maven2/org/codehaus/plexus/plexus-compiler-javac/2.15.0/plexus-compiler-javac-2.15.0.pom
[INFO] Downloaded from central-https: https://repo.maven.apache.org/maven2/org/codehaus/plexus/plexus-compiler-javac/2.15.0/plexus-compiler-javac-2.15.0.pom (1.3 kB at 20 kB/s)
[INFO] Downloading from central-https: https://repo.maven.apache.org/maven2/org/codehaus/plexus/plexus-compilers/2.15.0/plexus-compilers-2.15.0.pom
[INFO] Downloaded from central-https: https://repo.maven.apache.org/maven2/org/codehaus/plexus/plexus-compilers/2.15.0/plexus-compilers-2.15.0.pom (1.6 kB at 26 kB/s)
[INFO] Downloading from central-https: https://repo.maven.apache.org/maven2/org/apache/maven/shared/maven-shared-utils/3.4.2/maven-shared-utils-3.4.2.jar
[INFO] Downloaded from central-https: https://repo.maven.apache.org/maven2/org/apache/maven/shared/maven-shared-utils/3.4.2/maven-shared-utils-3.4.2.jar (151 kB at 2.5 MB/s)
[INFO] Downloading from central-https: https://repo.maven.apache.org/maven2/org/apache/maven/shared/maven-shared-incremental/1.1/maven-shared-incremental-1.1.jar
[INFO] Downloading from central-https: https://repo.maven.apache.org/maven2/org/codehaus/plexus/plexus-java/1.2.0/plexus-java-1.2.0.jar
[INFO] Downloading from central-https: https://repo.maven.apache.org/maven2/org/ow2/asm/asm/9.6/asm-9.6.jar
[INFO] Downloading from central-https: https://repo.maven.apache.org/maven2/com/thoughtworks/qdox/qdox/2.0.3/qdox-2.0.3.jar
[INFO] Downloading from central-https: https://repo.maven.apache.org/maven2/org/codehaus/plexus/plexus-compiler-api/2.15.0/plexus-compiler-api-2.15.0.jar
[INFO] Downloaded from central-https: https://repo.maven.apache.org/maven2/org/apache/maven/shared/maven-shared-incremental/1.1/maven-shared-incremental-1.1.jar (14 kB at 242 kB/s)
[INFO] Downloading from central-https: https://repo.maven.apache.org/maven2/org/codehaus/plexus/plexus-compiler-manager/2.15.0/plexus-compiler-manager-2.15.0.jar
[INFO] Downloaded from central-https: https://repo.maven.apache.org/maven2/org/codehaus/plexus/plexus-compiler-api/2.15.0/plexus-compiler-api-2.15.0.jar (29 kB at 368 kB/s)
[INFO] Downloading from central-https: https://repo.maven.apache.org/maven2/org/codehaus/plexus/plexus-xml/3.0.0/plexus-xml-3.0.0.jar
[INFO] Downloaded from central-https: https://repo.maven.apache.org/maven2/org/codehaus/plexus/plexus-java/1.2.0/plexus-java-1.2.0.jar (58 kB at 581 kB/s)
[INFO] Downloading from central-https: https://repo.maven.apache.org/maven2/org/codehaus/plexus/plexus-compiler-javac/2.15.0/plexus-compiler-javac-2.15.0.jar
[INFO] Downloaded from central-https: https://repo.maven.apache.org/maven2/org/ow2/asm/asm/9.6/asm-9.6.jar (124 kB at 1.1 MB/s)
[INFO] Downloading from central-https: https://repo.maven.apache.org/maven2/org/codehaus/plexus/plexus-utils/4.0.0/plexus-utils-4.0.0.jar
[INFO] Downloaded from central-https: https://repo.maven.apache.org/maven2/org/codehaus/plexus/plexus-compiler-manager/2.15.0/plexus-compiler-manager-2.15.0.jar (5.2 kB at 42 kB/s)
[INFO] Downloaded from central-https: https://repo.maven.apache.org/maven2/com/thoughtworks/qdox/qdox/2.0.3/qdox-2.0.3.jar (334 kB at 2.5 MB/s)
[INFO] Downloaded from central-https: https://repo.maven.apache.org/maven2/org/codehaus/plexus/plexus-xml/3.0.0/plexus-xml-3.0.0.jar (93 kB at 710 kB/s)
[INFO] Downloaded from central-https: https://repo.maven.apache.org/maven2/org/codehaus/plexus/plexus-compiler-javac/2.15.0/plexus-compiler-javac-2.15.0.jar (26 kB at 136 kB/s)
[INFO] Downloaded from central-https: https://repo.maven.apache.org/maven2/org/codehaus/plexus/plexus-utils/4.0.0/plexus-utils-4.0.0.jar (192 kB at 952 kB/s)
[INFO] Recompiling the module because of changed dependency.
[INFO] Compiling 18 source files with javac [debug release 17] to target\classes
[INFO] /C:/develop/NOTE_UTP/StudyNote/5 Information Systems/Lab/Lab1/movie-lab/src/main/java/ru/itmo/movie/service/MovieService.java: C:\develop\NOTE_UTP\StudyNote\5 Information Systems\Lab\Lab1\movie-lab\src\main\java\ru\itmo\movie\service\MovieService.java使用了未经检查或不安全的操作。
[INFO] /C:/develop/NOTE_UTP/StudyNote/5 Information Systems/Lab/Lab1/movie-lab/src/main/java/ru/itmo/movie/service/MovieService.java: 有关详细信息, 请使用 -Xlint:unchecked 重新编译。
[INFO] 
[INFO] --- resources:3.3.1:testResources (default-testResources) @ movie-lab ---
[INFO] skip non existing resourceDirectory C:\develop\NOTE_UTP\StudyNote\5 Information Systems\Lab\Lab1\movie-lab\src\test\resources
[INFO] 
[INFO] --- compiler:3.13.0:testCompile (default-testCompile) @ movie-lab ---
[INFO] No sources to compile
[INFO] 
[INFO] --- surefire:3.5.2:test (default-test) @ movie-lab ---
[INFO] Downloading from central-https: https://repo.maven.apache.org/maven2/org/apache/maven/surefire/surefire-api/3.5.2/surefire-api-3.5.2.pom
[INFO] Downloaded from central-https: https://repo.maven.apache.org/maven2/org/apache/maven/surefire/surefire-api/3.5.2/surefire-api-3.5.2.pom (3.5 kB at 32 kB/s)
[INFO] Downloading from central-https: https://repo.maven.apache.org/maven2/org/apache/maven/surefire/surefire-logger-api/3.5.2/surefire-logger-api-3.5.2.pom
[INFO] Downloaded from central-https: https://repo.maven.apache.org/maven2/org/apache/maven/surefire/surefire-logger-api/3.5.2/surefire-logger-api-3.5.2.pom (3.3 kB at 23 kB/s)
[INFO] Downloading from central-https: https://repo.maven.apache.org/maven2/org/apache/maven/surefire/surefire-shared-utils/3.5.2/surefire-shared-utils-3.5.2.pom
[INFO] Downloaded from central-https: https://repo.maven.apache.org/maven2/org/apache/maven/surefire/surefire-shared-utils/3.5.2/surefire-shared-utils-3.5.2.pom (4.7 kB at 53 kB/s)
[INFO] Downloading from central-https: https://repo.maven.apache.org/maven2/org/apache/maven/surefire/surefire-extensions-api/3.5.2/surefire-extensions-api-3.5.2.pom
[INFO] Downloaded from central-https: https://repo.maven.apache.org/maven2/org/apache/maven/surefire/surefire-extensions-api/3.5.2/surefire-extensions-api-3.5.2.pom (3.5 kB at 35 kB/s)
[INFO] Downloading from central-https: https://repo.maven.apache.org/maven2/org/apache/maven/surefire/maven-surefire-common/3.5.2/maven-surefire-common-3.5.2.pom
[INFO] Downloaded from central-https: https://repo.maven.apache.org/maven2/org/apache/maven/surefire/maven-surefire-common/3.5.2/maven-surefire-common-3.5.2.pom (7.8 kB at 78 kB/s)
[INFO] Downloading from central-https: https://repo.maven.apache.org/maven2/org/apache/maven/surefire/surefire-booter/3.5.2/surefire-booter-3.5.2.pom
[INFO] Downloaded from central-https: https://repo.maven.apache.org/maven2/org/apache/maven/surefire/surefire-booter/3.5.2/surefire-booter-3.5.2.pom (4.8 kB at 50 kB/s)
[INFO] Downloading from central-https: https://repo.maven.apache.org/maven2/org/apache/maven/surefire/surefire-extensions-spi/3.5.2/surefire-extensions-spi-3.5.2.pom
[INFO] Downloaded from central-https: https://repo.maven.apache.org/maven2/org/apache/maven/surefire/surefire-extensions-spi/3.5.2/surefire-extensions-spi-3.5.2.pom (1.8 kB at 17 kB/s)
[INFO] Downloading from central-https: https://repo.maven.apache.org/maven2/org/apache/maven/resolver/maven-resolver-util/1.4.1/maven-resolver-util-1.4.1.pom
[INFO] Downloaded from central-https: https://repo.maven.apache.org/maven2/org/apache/maven/resolver/maven-resolver-util/1.4.1/maven-resolver-util-1.4.1.pom (2.8 kB at 27 kB/s)
[INFO] Downloading from central-https: https://repo.maven.apache.org/maven2/org/apache/maven/resolver/maven-resolver/1.4.1/maven-resolver-1.4.1.pom
[INFO] Downloaded from central-https: https://repo.maven.apache.org/maven2/org/apache/maven/resolver/maven-resolver/1.4.1/maven-resolver-1.4.1.pom (18 kB at 195 kB/s)
[INFO] Downloading from central-https: https://repo.maven.apache.org/maven2/org/apache/maven/resolver/maven-resolver-api/1.4.1/maven-resolver-api-1.4.1.pom
[INFO] Downloaded from central-https: https://repo.maven.apache.org/maven2/org/apache/maven/resolver/maven-resolver-api/1.4.1/maven-resolver-api-1.4.1.pom (2.6 kB at 26 kB/s)
[INFO] Downloading from central-https: https://repo.maven.apache.org/maven2/org/apache/maven/shared/maven-common-artifact-filters/3.4.0/maven-common-artifact-filters-3.4.0.pom
[INFO] Downloaded from central-https: https://repo.maven.apache.org/maven2/org/apache/maven/shared/maven-common-artifact-filters/3.4.0/maven-common-artifact-filters-3.4.0.pom (5.4 kB at 55 kB/s)
[INFO] Downloading from central-https: https://repo.maven.apache.org/maven2/org/apache/maven/shared/maven-shared-components/42/maven-shared-components-42.pom
[INFO] Downloaded from central-https: https://repo.maven.apache.org/maven2/org/apache/maven/shared/maven-shared-components/42/maven-shared-components-42.pom (3.8 kB at 41 kB/s)
[INFO] Downloading from central-https: https://repo.maven.apache.org/maven2/org/apache/maven/maven-parent/42/maven-parent-42.pom
[INFO] Downloaded from central-https: https://repo.maven.apache.org/maven2/org/apache/maven/maven-parent/42/maven-parent-42.pom (50 kB at 548 kB/s)
[INFO] Downloading from central-https: https://repo.maven.apache.org/maven2/org/apache/apache/32/apache-32.pom
[INFO] Downloaded from central-https: https://repo.maven.apache.org/maven2/org/apache/apache/32/apache-32.pom (24 kB at 233 kB/s)
[INFO] Downloading from central-https: https://repo.maven.apache.org/maven2/org/codehaus/plexus/plexus-java/1.3.0/plexus-java-1.3.0.pom
[INFO] Downloaded from central-https: https://repo.maven.apache.org/maven2/org/codehaus/plexus/plexus-java/1.3.0/plexus-java-1.3.0.pom (14 kB at 114 kB/s)
[INFO] Downloading from central-https: https://repo.maven.apache.org/maven2/org/ow2/asm/asm/9.7/asm-9.7.pom
[INFO] Downloaded from central-https: https://repo.maven.apache.org/maven2/org/ow2/asm/asm/9.7/asm-9.7.pom (2.4 kB at 21 kB/s)
[INFO] Downloading from central-https: https://repo.maven.apache.org/maven2/com/thoughtworks/qdox/qdox/2.1.0/qdox-2.1.0.pom
[INFO] Downloaded from central-https: https://repo.maven.apache.org/maven2/com/thoughtworks/qdox/qdox/2.1.0/qdox-2.1.0.pom (18 kB at 173 kB/s)
[INFO] Downloading from central-https: https://repo.maven.apache.org/maven2/org/apache/maven/surefire/surefire-api/3.5.2/surefire-api-3.5.2.jar
[INFO] Downloaded from central-https: https://repo.maven.apache.org/maven2/org/apache/maven/surefire/surefire-api/3.5.2/surefire-api-3.5.2.jar (171 kB at 1.6 MB/s)
[INFO] Downloading from central-https: https://repo.maven.apache.org/maven2/org/apache/maven/surefire/surefire-logger-api/3.5.2/surefire-logger-api-3.5.2.jar
[INFO] Downloading from central-https: https://repo.maven.apache.org/maven2/org/apache/maven/surefire/surefire-shared-utils/3.5.2/surefire-shared-utils-3.5.2.jar
[INFO] Downloading from central-https: https://repo.maven.apache.org/maven2/org/apache/maven/surefire/surefire-extensions-api/3.5.2/surefire-extensions-api-3.5.2.jar
[INFO] Downloading from central-https: https://repo.maven.apache.org/maven2/org/apache/maven/surefire/maven-surefire-common/3.5.2/maven-surefire-common-3.5.2.jar
[INFO] Downloading from central-https: https://repo.maven.apache.org/maven2/org/apache/maven/surefire/surefire-booter/3.5.2/surefire-booter-3.5.2.jar
[INFO] Downloaded from central-https: https://repo.maven.apache.org/maven2/org/apache/maven/surefire/surefire-booter/3.5.2/surefire-booter-3.5.2.jar (118 kB at 1.5 MB/s)
[INFO] Downloading from central-https: https://repo.maven.apache.org/maven2/org/apache/maven/surefire/surefire-extensions-spi/3.5.2/surefire-extensions-spi-3.5.2.jar
[INFO] Downloaded from central-https: https://repo.maven.apache.org/maven2/org/apache/maven/surefire/surefire-logger-api/3.5.2/surefire-logger-api-3.5.2.jar (14 kB at 148 kB/s)
[INFO] Downloading from central-https: https://repo.maven.apache.org/maven2/org/apache/maven/resolver/maven-resolver-util/1.4.1/maven-resolver-util-1.4.1.jar
[INFO] Downloaded from central-https: https://repo.maven.apache.org/maven2/org/apache/maven/surefire/surefire-extensions-api/3.5.2/surefire-extensions-api-3.5.2.jar (26 kB at 220 kB/s)
[INFO] Downloading from central-https: https://repo.maven.apache.org/maven2/org/apache/maven/resolver/maven-resolver-api/1.4.1/maven-resolver-api-1.4.1.jar
[INFO] Downloaded from central-https: https://repo.maven.apache.org/maven2/org/apache/maven/surefire/maven-surefire-common/3.5.2/maven-surefire-common-3.5.2.jar (311 kB at 2.4 MB/s)
[INFO] Downloading from central-https: https://repo.maven.apache.org/maven2/org/apache/maven/shared/maven-common-artifact-filters/3.4.0/maven-common-artifact-filters-3.4.0.jar
[INFO] Downloaded from central-https: https://repo.maven.apache.org/maven2/org/apache/maven/surefire/surefire-extensions-spi/3.5.2/surefire-extensions-spi-3.5.2.jar (8.2 kB at 46 kB/s)
[INFO] Downloading from central-https: https://repo.maven.apache.org/maven2/org/codehaus/plexus/plexus-java/1.3.0/plexus-java-1.3.0.jar
[INFO] Downloaded from central-https: https://repo.maven.apache.org/maven2/org/apache/maven/resolver/maven-resolver-util/1.4.1/maven-resolver-util-1.4.1.jar (168 kB at 906 kB/s)
[INFO] Downloading from central-https: https://repo.maven.apache.org/maven2/org/ow2/asm/asm/9.7/asm-9.7.jar
[INFO] Downloaded from central-https: https://repo.maven.apache.org/maven2/org/apache/maven/shared/maven-common-artifact-filters/3.4.0/maven-common-artifact-filters-3.4.0.jar (58 kB at 276 kB/s)
[INFO] Downloading from central-https: https://repo.maven.apache.org/maven2/com/thoughtworks/qdox/qdox/2.1.0/qdox-2.1.0.jar
[INFO] Downloaded from central-https: https://repo.maven.apache.org/maven2/org/apache/maven/resolver/maven-resolver-api/1.4.1/maven-resolver-api-1.4.1.jar (149 kB at 631 kB/s)
[INFO] Downloaded from central-https: https://repo.maven.apache.org/maven2/org/codehaus/plexus/plexus-java/1.3.0/plexus-java-1.3.0.jar (57 kB at 205 kB/s)
[INFO] Downloaded from central-https: https://repo.maven.apache.org/maven2/org/ow2/asm/asm/9.7/asm-9.7.jar (125 kB at 448 kB/s)
[INFO] Downloaded from central-https: https://repo.maven.apache.org/maven2/org/apache/maven/surefire/surefire-shared-utils/3.5.2/surefire-shared-utils-3.5.2.jar (2.8 MB at 9.6 MB/s)
[INFO] Downloaded from central-https: https://repo.maven.apache.org/maven2/com/thoughtworks/qdox/qdox/2.1.0/qdox-2.1.0.jar (348 kB at 1.1 MB/s)
[INFO] Tests are skipped.
[INFO] 
[INFO] --- war:3.4.0:war (default-war) @ movie-lab ---
[INFO] Downloading from central-https: https://repo.maven.apache.org/maven2/org/apache/maven/maven-archiver/3.6.0/maven-archiver-3.6.0.pom
[INFO] Downloaded from central-https: https://repo.maven.apache.org/maven2/org/apache/maven/maven-archiver/3.6.0/maven-archiver-3.6.0.pom (3.9 kB at 53 kB/s)
[INFO] Downloading from central-https: https://repo.maven.apache.org/maven2/org/apache/maven/shared/maven-shared-components/36/maven-shared-components-36.pom
[INFO] Downloaded from central-https: https://repo.maven.apache.org/maven2/org/apache/maven/shared/maven-shared-components/36/maven-shared-components-36.pom (4.9 kB at 64 kB/s)
[INFO] Downloading from central-https: https://repo.maven.apache.org/maven2/org/apache/maven/maven-parent/36/maven-parent-36.pom
[INFO] Downloaded from central-https: https://repo.maven.apache.org/maven2/org/apache/maven/maven-parent/36/maven-parent-36.pom (45 kB at 583 kB/s)
[INFO] Downloading from central-https: https://repo.maven.apache.org/maven2/org/apache/apache/26/apache-26.pom
[INFO] Downloaded from central-https: https://repo.maven.apache.org/maven2/org/apache/apache/26/apache-26.pom (21 kB at 263 kB/s)
[INFO] Downloading from central-https: https://repo.maven.apache.org/maven2/org/codehaus/plexus/plexus-io/3.4.0/plexus-io-3.4.0.pom
[INFO] Downloaded from central-https: https://repo.maven.apache.org/maven2/org/codehaus/plexus/plexus-io/3.4.0/plexus-io-3.4.0.pom (6.0 kB at 75 kB/s)
[INFO] Downloading from central-https: https://repo.maven.apache.org/maven2/org/codehaus/plexus/plexus-archiver/4.4.0/plexus-archiver-4.4.0.pom
[INFO] Downloaded from central-https: https://repo.maven.apache.org/maven2/org/codehaus/plexus/plexus-archiver/4.4.0/plexus-archiver-4.4.0.pom (6.3 kB at 80 kB/s)
[INFO] Downloading from central-https: https://repo.maven.apache.org/maven2/org/apache/commons/commons-compress/1.21/commons-compress-1.21.pom
[INFO] Downloaded from central-https: https://repo.maven.apache.org/maven2/org/apache/commons/commons-compress/1.21/commons-compress-1.21.pom (20 kB at 177 kB/s)
[INFO] Downloading from central-https: https://repo.maven.apache.org/maven2/org/iq80/snappy/snappy/0.4/snappy-0.4.pom
[INFO] Downloaded from central-https: https://repo.maven.apache.org/maven2/org/iq80/snappy/snappy/0.4/snappy-0.4.pom (15 kB at 169 kB/s)
[INFO] Downloading from central-https: https://repo.maven.apache.org/maven2/org/tukaani/xz/1.9/xz-1.9.pom
[INFO] Downloaded from central-https: https://repo.maven.apache.org/maven2/org/tukaani/xz/1.9/xz-1.9.pom (2.0 kB at 21 kB/s)
[INFO] Downloading from central-https: https://repo.maven.apache.org/maven2/commons-io/commons-io/2.13.0/commons-io-2.13.0.pom
[INFO] Downloaded from central-https: https://repo.maven.apache.org/maven2/commons-io/commons-io/2.13.0/commons-io-2.13.0.pom (20 kB at 174 kB/s)
[INFO] Downloading from central-https: https://repo.maven.apache.org/maven2/org/apache/commons/commons-parent/58/commons-parent-58.pom
[INFO] Downloaded from central-https: https://repo.maven.apache.org/maven2/org/apache/commons/commons-parent/58/commons-parent-58.pom (83 kB at 996 kB/s)
[INFO] Downloading from central-https: https://repo.maven.apache.org/maven2/org/codehaus/plexus/plexus-archiver/4.7.1/plexus-archiver-4.7.1.pom
[INFO] Downloaded from central-https: https://repo.maven.apache.org/maven2/org/codehaus/plexus/plexus-archiver/4.7.1/plexus-archiver-4.7.1.pom (6.5 kB at 88 kB/s)
[INFO] Downloading from central-https: https://repo.maven.apache.org/maven2/org/codehaus/plexus/plexus-io/3.4.1/plexus-io-3.4.1.pom
[INFO] Downloaded from central-https: https://repo.maven.apache.org/maven2/org/codehaus/plexus/plexus-io/3.4.1/plexus-io-3.4.1.pom (6.0 kB at 80 kB/s)
[INFO] Downloading from central-https: https://repo.maven.apache.org/maven2/org/apache/commons/commons-compress/1.23.0/commons-compress-1.23.0.pom
[INFO] Downloaded from central-https: https://repo.maven.apache.org/maven2/org/apache/commons/commons-compress/1.23.0/commons-compress-1.23.0.pom (22 kB at 251 kB/s)
[INFO] Downloading from central-https: https://repo.maven.apache.org/maven2/org/apache/commons/commons-parent/56/commons-parent-56.pom
[INFO] Downloaded from central-https: https://repo.maven.apache.org/maven2/org/apache/commons/commons-parent/56/commons-parent-56.pom (82 kB at 992 kB/s)
[INFO] Downloading from central-https: https://repo.maven.apache.org/maven2/org/junit/junit-bom/5.9.1/junit-bom-5.9.1.pom
[INFO] Downloaded from central-https: https://repo.maven.apache.org/maven2/org/junit/junit-bom/5.9.1/junit-bom-5.9.1.pom (5.6 kB at 65 kB/s)
[INFO] Downloading from central-https: https://repo.maven.apache.org/maven2/com/github/luben/zstd-jni/1.5.5-2/zstd-jni-1.5.5-2.pom
[INFO] Downloaded from central-https: https://repo.maven.apache.org/maven2/com/github/luben/zstd-jni/1.5.5-2/zstd-jni-1.5.5-2.pom (1.9 kB at 23 kB/s)
[INFO] Downloading from central-https: https://repo.maven.apache.org/maven2/org/apache/maven/shared/maven-mapping/3.0.0/maven-mapping-3.0.0.pom
[INFO] Downloaded from central-https: https://repo.maven.apache.org/maven2/org/apache/maven/shared/maven-mapping/3.0.0/maven-mapping-3.0.0.pom (4.1 kB at 56 kB/s)
[INFO] Downloading from central-https: https://repo.maven.apache.org/maven2/org/apache/maven/shared/maven-shared-components/22/maven-shared-components-22.pom
[INFO] Downloaded from central-https: https://repo.maven.apache.org/maven2/org/apache/maven/shared/maven-shared-components/22/maven-shared-components-22.pom (5.1 kB at 71 kB/s)
[INFO] Downloading from central-https: https://repo.maven.apache.org/maven2/org/apache/maven/maven-parent/27/maven-parent-27.pom
[INFO] Downloaded from central-https: https://repo.maven.apache.org/maven2/org/apache/maven/maven-parent/27/maven-parent-27.pom (41 kB at 522 kB/s)
[INFO] Downloading from central-https: https://repo.maven.apache.org/maven2/org/apache/apache/17/apache-17.pom
[INFO] Downloaded from central-https: https://repo.maven.apache.org/maven2/org/apache/apache/17/apache-17.pom (16 kB at 229 kB/s)
[INFO] Downloading from central-https: https://repo.maven.apache.org/maven2/org/apache/maven/maven-core/3.0/maven-core-3.0.pom
[INFO] Downloaded from central-https: https://repo.maven.apache.org/maven2/org/apache/maven/maven-core/3.0/maven-core-3.0.pom (6.6 kB at 77 kB/s)
[INFO] Downloading from central-https: https://repo.maven.apache.org/maven2/org/apache/maven/maven/3.0/maven-3.0.pom
[INFO] Downloaded from central-https: https://repo.maven.apache.org/maven2/org/apache/maven/maven/3.0/maven-3.0.pom (22 kB at 292 kB/s)
[INFO] Downloading from central-https: https://repo.maven.apache.org/maven2/org/apache/maven/maven-parent/15/maven-parent-15.pom
[INFO] Downloaded from central-https: https://repo.maven.apache.org/maven2/org/apache/maven/maven-parent/15/maven-parent-15.pom (24 kB at 312 kB/s)
[INFO] Downloading from central-https: https://repo.maven.apache.org/maven2/org/apache/apache/6/apache-6.pom
[INFO] Downloaded from central-https: https://repo.maven.apache.org/maven2/org/apache/apache/6/apache-6.pom (13 kB at 144 kB/s)
[INFO] Downloading from central-https: https://repo.maven.apache.org/maven2/org/apache/maven/maven-model/3.0/maven-model-3.0.pom
[INFO] Downloaded from central-https: https://repo.maven.apache.org/maven2/org/apache/maven/maven-model/3.0/maven-model-3.0.pom (3.9 kB at 56 kB/s)
[INFO] Downloading from central-https: https://repo.maven.apache.org/maven2/org/apache/maven/maven-settings/3.2.5/maven-settings-3.2.5.pom
[INFO] Downloaded from central-https: https://repo.maven.apache.org/maven2/org/apache/maven/maven-settings/3.2.5/maven-settings-3.2.5.pom (2.2 kB at 29 kB/s)
[INFO] Downloading from central-https: https://repo.maven.apache.org/maven2/org/apache/maven/maven/3.2.5/maven-3.2.5.pom
[INFO] Downloaded from central-https: https://repo.maven.apache.org/maven2/org/apache/maven/maven/3.2.5/maven-3.2.5.pom (22 kB at 298 kB/s)
[INFO] Downloading from central-https: https://repo.maven.apache.org/maven2/org/apache/maven/maven-parent/25/maven-parent-25.pom
[INFO] Downloaded from central-https: https://repo.maven.apache.org/maven2/org/apache/maven/maven-parent/25/maven-parent-25.pom (37 kB at 440 kB/s)
[INFO] Downloading from central-https: https://repo.maven.apache.org/maven2/org/apache/apache/15/apache-15.pom
[INFO] Downloaded from central-https: https://repo.maven.apache.org/maven2/org/apache/apache/15/apache-15.pom (15 kB at 188 kB/s)
[INFO] Downloading from central-https: https://repo.maven.apache.org/maven2/org/apache/maven/maven-settings-builder/3.0/maven-settings-builder-3.0.pom
[INFO] Downloaded from central-https: https://repo.maven.apache.org/maven2/org/apache/maven/maven-settings-builder/3.0/maven-settings-builder-3.0.pom (2.2 kB at 30 kB/s)
[INFO] Downloading from central-https: https://repo.maven.apache.org/maven2/org/codehaus/plexus/plexus-interpolation/1.14/plexus-interpolation-1.14.pom
[INFO] Downloaded from central-https: https://repo.maven.apache.org/maven2/org/codehaus/plexus/plexus-interpolation/1.14/plexus-interpolation-1.14.pom (910 B at 12 kB/s)
[INFO] Downloading from central-https: https://repo.maven.apache.org/maven2/org/codehaus/plexus/plexus-components/1.1.18/plexus-components-1.1.18.pom
[INFO] Downloaded from central-https: https://repo.maven.apache.org/maven2/org/codehaus/plexus/plexus-components/1.1.18/plexus-components-1.1.18.pom (5.4 kB at 69 kB/s)
[INFO] Downloading from central-https: https://repo.maven.apache.org/maven2/org/codehaus/plexus/plexus/2.0.7/plexus-2.0.7.pom
[INFO] Downloaded from central-https: https://repo.maven.apache.org/maven2/org/codehaus/plexus/plexus/2.0.7/plexus-2.0.7.pom (17 kB at 244 kB/s)
[INFO] Downloading from central-https: https://repo.maven.apache.org/maven2/org/codehaus/plexus/plexus-component-annotations/1.5.5/plexus-component-annotations-1.5.5.pom
[INFO] Downloaded from central-https: https://repo.maven.apache.org/maven2/org/codehaus/plexus/plexus-component-annotations/1.5.5/plexus-component-annotations-1.5.5.pom (815 B at 12 kB/s)
[INFO] Downloading from central-https: https://repo.maven.apache.org/maven2/org/codehaus/plexus/plexus-containers/1.5.5/plexus-containers-1.5.5.pom
[INFO] Downloaded from central-https: https://repo.maven.apache.org/maven2/org/codehaus/plexus/plexus-containers/1.5.5/plexus-containers-1.5.5.pom (4.2 kB at 61 kB/s)
[INFO] Downloading from central-https: https://repo.maven.apache.org/maven2/org/sonatype/plexus/plexus-sec-dispatcher/1.3/plexus-sec-dispatcher-1.3.pom
[INFO] Downloaded from central-https: https://repo.maven.apache.org/maven2/org/sonatype/plexus/plexus-sec-dispatcher/1.3/plexus-sec-dispatcher-1.3.pom (3.0 kB at 39 kB/s)
[INFO] Downloading from central-https: https://repo.maven.apache.org/maven2/org/sonatype/spice/spice-parent/12/spice-parent-12.pom
[INFO] Downloaded from central-https: https://repo.maven.apache.org/maven2/org/sonatype/spice/spice-parent/12/spice-parent-12.pom (6.8 kB at 53 kB/s)
[INFO] Downloading from central-https: https://repo.maven.apache.org/maven2/org/sonatype/forge/forge-parent/4/forge-parent-4.pom
[INFO] Downloaded from central-https: https://repo.maven.apache.org/maven2/org/sonatype/forge/forge-parent/4/forge-parent-4.pom (8.4 kB at 118 kB/s)
[INFO] Downloading from central-https: https://repo.maven.apache.org/maven2/org/sonatype/plexus/plexus-cipher/1.4/plexus-cipher-1.4.pom
[INFO] Downloaded from central-https: https://repo.maven.apache.org/maven2/org/sonatype/plexus/plexus-cipher/1.4/plexus-cipher-1.4.pom (2.1 kB at 28 kB/s)
[INFO] Downloading from central-https: https://repo.maven.apache.org/maven2/org/apache/maven/maven-repository-metadata/3.0/maven-repository-metadata-3.0.pom
[INFO] Downloaded from central-https: https://repo.maven.apache.org/maven2/org/apache/maven/maven-repository-metadata/3.0/maven-repository-metadata-3.0.pom (1.9 kB at 27 kB/s)
[INFO] Downloading from central-https: https://repo.maven.apache.org/maven2/org/apache/maven/maven-artifact/3.0/maven-artifact-3.0.pom
[INFO] Downloaded from central-https: https://repo.maven.apache.org/maven2/org/apache/maven/maven-artifact/3.0/maven-artifact-3.0.pom (1.9 kB at 23 kB/s)
[INFO] Downloading from central-https: https://repo.maven.apache.org/maven2/org/apache/maven/maven-plugin-api/3.0/maven-plugin-api-3.0.pom
[INFO] Downloaded from central-https: https://repo.maven.apache.org/maven2/org/apache/maven/maven-plugin-api/3.0/maven-plugin-api-3.0.pom (2.3 kB at 28 kB/s)
[INFO] Downloading from central-https: https://repo.maven.apache.org/maven2/org/sonatype/sisu/sisu-inject-plexus/1.4.2/sisu-inject-plexus-1.4.2.pom
[INFO] Downloaded from central-https: https://repo.maven.apache.org/maven2/org/sonatype/sisu/sisu-inject-plexus/1.4.2/sisu-inject-plexus-1.4.2.pom (5.4 kB at 73 kB/s)
[INFO] Downloading from central-https: https://repo.maven.apache.org/maven2/org/sonatype/sisu/inject/guice-plexus/1.4.2/guice-plexus-1.4.2.pom
[INFO] Downloaded from central-https: https://repo.maven.apache.org/maven2/org/sonatype/sisu/inject/guice-plexus/1.4.2/guice-plexus-1.4.2.pom (3.1 kB at 42 kB/s)
[INFO] Downloading from central-https: https://repo.maven.apache.org/maven2/org/sonatype/sisu/inject/guice-bean/1.4.2/guice-bean-1.4.2.pom
[INFO] Downloaded from central-https: https://repo.maven.apache.org/maven2/org/sonatype/sisu/inject/guice-bean/1.4.2/guice-bean-1.4.2.pom (2.6 kB at 33 kB/s)
[INFO] Downloading from central-https: https://repo.maven.apache.org/maven2/org/sonatype/sisu/sisu-inject/1.4.2/sisu-inject-1.4.2.pom
[INFO] Downloaded from central-https: https://repo.maven.apache.org/maven2/org/sonatype/sisu/sisu-inject/1.4.2/sisu-inject-1.4.2.pom (1.2 kB at 15 kB/s)
[INFO] Downloading from central-https: https://repo.maven.apache.org/maven2/org/sonatype/sisu/sisu-parent/1.4.2/sisu-parent-1.4.2.pom
[INFO] Downloaded from central-https: https://repo.maven.apache.org/maven2/org/sonatype/sisu/sisu-parent/1.4.2/sisu-parent-1.4.2.pom (7.8 kB at 113 kB/s)
[INFO] Downloading from central-https: https://repo.maven.apache.org/maven2/org/sonatype/forge/forge-parent/6/forge-parent-6.pom
[INFO] Downloaded from central-https: https://repo.maven.apache.org/maven2/org/sonatype/forge/forge-parent/6/forge-parent-6.pom (11 kB at 163 kB/s)
[INFO] Downloading from central-https: https://repo.maven.apache.org/maven2/org/codehaus/plexus/plexus-component-annotations/1.5.4/plexus-component-annotations-1.5.4.pom
[INFO] Downloaded from central-https: https://repo.maven.apache.org/maven2/org/codehaus/plexus/plexus-component-annotations/1.5.4/plexus-component-annotations-1.5.4.pom (815 B at 13 kB/s)
[INFO] Downloading from central-https: https://repo.maven.apache.org/maven2/org/codehaus/plexus/plexus-containers/1.5.4/plexus-containers-1.5.4.pom
[INFO] Downloaded from central-https: https://repo.maven.apache.org/maven2/org/codehaus/plexus/plexus-containers/1.5.4/plexus-containers-1.5.4.pom (4.2 kB at 62 kB/s)
[INFO] Downloading from central-https: https://repo.maven.apache.org/maven2/org/codehaus/plexus/plexus/2.0.5/plexus-2.0.5.pom
[INFO] Downloaded from central-https: https://repo.maven.apache.org/maven2/org/codehaus/plexus/plexus/2.0.5/plexus-2.0.5.pom (17 kB at 255 kB/s)
[INFO] Downloading from central-https: https://repo.maven.apache.org/maven2/org/codehaus/plexus/plexus-classworlds/2.2.3/plexus-classworlds-2.2.3.pom
[INFO] Downloaded from central-https: https://repo.maven.apache.org/maven2/org/codehaus/plexus/plexus-classworlds/2.2.3/plexus-classworlds-2.2.3.pom (4.0 kB at 41 kB/s)
[INFO] Downloading from central-https: https://repo.maven.apache.org/maven2/org/codehaus/plexus/plexus/2.0.6/plexus-2.0.6.pom
[INFO] Downloaded from central-https: https://repo.maven.apache.org/maven2/org/codehaus/plexus/plexus/2.0.6/plexus-2.0.6.pom (17 kB at 233 kB/s)
[INFO] Downloading from central-https: https://repo.maven.apache.org/maven2/org/sonatype/sisu/sisu-inject-bean/1.4.2/sisu-inject-bean-1.4.2.pom
[INFO] Downloaded from central-https: https://repo.maven.apache.org/maven2/org/sonatype/sisu/sisu-inject-bean/1.4.2/sisu-inject-bean-1.4.2.pom (5.5 kB at 63 kB/s)
[INFO] Downloading from central-https: https://repo.maven.apache.org/maven2/org/sonatype/sisu/sisu-guice/2.1.7/sisu-guice-2.1.7.pom
[INFO] Downloaded from central-https: https://repo.maven.apache.org/maven2/org/sonatype/sisu/sisu-guice/2.1.7/sisu-guice-2.1.7.pom (11 kB at 126 kB/s)
[INFO] Downloading from central-https: https://repo.maven.apache.org/maven2/org/apache/maven/maven-model-builder/3.0/maven-model-builder-3.0.pom
[INFO] Downloaded from central-https: https://repo.maven.apache.org/maven2/org/apache/maven/maven-model-builder/3.0/maven-model-builder-3.0.pom (2.2 kB at 23 kB/s)
[INFO] Downloading from central-https: https://repo.maven.apache.org/maven2/org/apache/maven/maven-aether-provider/3.0/maven-aether-provider-3.0.pom
[INFO] Downloaded from central-https: https://repo.maven.apache.org/maven2/org/apache/maven/maven-aether-provider/3.0/maven-aether-provider-3.0.pom (2.5 kB at 24 kB/s)
[INFO] Downloading from central-https: https://repo.maven.apache.org/maven2/org/sonatype/aether/aether-api/1.7/aether-api-1.7.pom
[INFO] Downloaded from central-https: https://repo.maven.apache.org/maven2/org/sonatype/aether/aether-api/1.7/aether-api-1.7.pom (1.7 kB at 18 kB/s)
[INFO] Downloading from central-https: https://repo.maven.apache.org/maven2/org/sonatype/aether/aether-parent/1.7/aether-parent-1.7.pom
[INFO] Downloaded from central-https: https://repo.maven.apache.org/maven2/org/sonatype/aether/aether-parent/1.7/aether-parent-1.7.pom (7.7 kB at 67 kB/s)
[INFO] Downloading from central-https: https://repo.maven.apache.org/maven2/org/sonatype/aether/aether-util/1.7/aether-util-1.7.pom
[INFO] Downloaded from central-https: https://repo.maven.apache.org/maven2/org/sonatype/aether/aether-util/1.7/aether-util-1.7.pom (2.1 kB at 21 kB/s)
[INFO] Downloading from central-https: https://repo.maven.apache.org/maven2/org/sonatype/aether/aether-impl/1.7/aether-impl-1.7.pom
[INFO] Downloaded from central-https: https://repo.maven.apache.org/maven2/org/sonatype/aether/aether-impl/1.7/aether-impl-1.7.pom (3.7 kB at 34 kB/s)
[INFO] Downloading from central-https: https://repo.maven.apache.org/maven2/org/sonatype/aether/aether-spi/1.7/aether-spi-1.7.pom
[INFO] Downloaded from central-https: https://repo.maven.apache.org/maven2/org/sonatype/aether/aether-spi/1.7/aether-spi-1.7.pom (1.7 kB at 23 kB/s)
[INFO] Downloading from central-https: https://repo.maven.apache.org/maven2/org/codehaus/plexus/plexus-interpolation/1.21/plexus-interpolation-1.21.pom
[INFO] Downloaded from central-https: https://repo.maven.apache.org/maven2/org/codehaus/plexus/plexus-interpolation/1.21/plexus-interpolation-1.21.pom (1.5 kB at 23 kB/s)
[INFO] Downloading from central-https: https://repo.maven.apache.org/maven2/org/codehaus/plexus/plexus-components/1.3.1/plexus-components-1.3.1.pom
[INFO] Downloaded from central-https: https://repo.maven.apache.org/maven2/org/codehaus/plexus/plexus-components/1.3.1/plexus-components-1.3.1.pom (3.1 kB at 45 kB/s)
[INFO] Downloading from central-https: https://repo.maven.apache.org/maven2/org/codehaus/plexus/plexus/3.3.1/plexus-3.3.1.pom
[INFO] Downloaded from central-https: https://repo.maven.apache.org/maven2/org/codehaus/plexus/plexus/3.3.1/plexus-3.3.1.pom (20 kB at 284 kB/s)
[INFO] Downloading from central-https: https://repo.maven.apache.org/maven2/org/sonatype/spice/spice-parent/17/spice-parent-17.pom
[INFO] Downloaded from central-https: https://repo.maven.apache.org/maven2/org/sonatype/spice/spice-parent/17/spice-parent-17.pom (6.8 kB at 107 kB/s)
[INFO] Downloading from central-https: https://repo.maven.apache.org/maven2/org/sonatype/forge/forge-parent/10/forge-parent-10.pom
[INFO] Downloaded from central-https: https://repo.maven.apache.org/maven2/org/sonatype/forge/forge-parent/10/forge-parent-10.pom (14 kB at 191 kB/s)
[INFO] Downloading from central-https: https://repo.maven.apache.org/maven2/org/apache/maven/maven-archiver/3.6.0/maven-archiver-3.6.0.jar
[INFO] Downloaded from central-https: https://repo.maven.apache.org/maven2/org/apache/maven/maven-archiver/3.6.0/maven-archiver-3.6.0.jar (26 kB at 398 kB/s)
[INFO] Downloading from central-https: https://repo.maven.apache.org/maven2/org/codehaus/plexus/plexus-io/3.4.0/plexus-io-3.4.0.jar
[INFO] Downloading from central-https: https://repo.maven.apache.org/maven2/commons-io/commons-io/2.13.0/commons-io-2.13.0.jar
[INFO] Downloading from central-https: https://repo.maven.apache.org/maven2/org/codehaus/plexus/plexus-archiver/4.7.1/plexus-archiver-4.7.1.jar
[INFO] Downloading from central-https: https://repo.maven.apache.org/maven2/org/apache/commons/commons-compress/1.23.0/commons-compress-1.23.0.jar
[INFO] Downloading from central-https: https://repo.maven.apache.org/maven2/org/iq80/snappy/snappy/0.4/snappy-0.4.jar
[INFO] Downloaded from central-https: https://repo.maven.apache.org/maven2/org/codehaus/plexus/plexus-io/3.4.0/plexus-io-3.4.0.jar (79 kB at 1.1 MB/s)
[INFO] Downloading from central-https: https://repo.maven.apache.org/maven2/org/tukaani/xz/1.9/xz-1.9.jar
[INFO] Downloaded from central-https: https://repo.maven.apache.org/maven2/commons-io/commons-io/2.13.0/commons-io-2.13.0.jar (484 kB at 4.0 MB/s)
[INFO] Downloading from central-https: https://repo.maven.apache.org/maven2/com/github/luben/zstd-jni/1.5.5-2/zstd-jni-1.5.5-2.jar
[INFO] Downloaded from central-https: https://repo.maven.apache.org/maven2/org/codehaus/plexus/plexus-archiver/4.7.1/plexus-archiver-4.7.1.jar (221 kB at 1.7 MB/s)
[INFO] Downloading from central-https: https://repo.maven.apache.org/maven2/org/apache/maven/shared/maven-mapping/3.0.0/maven-mapping-3.0.0.jar
[INFO] Downloaded from central-https: https://repo.maven.apache.org/maven2/org/tukaani/xz/1.9/xz-1.9.jar (116 kB at 659 kB/s)
[INFO] Downloading from central-https: https://repo.maven.apache.org/maven2/org/apache/maven/maven-core/3.0/maven-core-3.0.jar
[INFO] Downloaded from central-https: https://repo.maven.apache.org/maven2/org/apache/commons/commons-compress/1.23.0/commons-compress-1.23.0.jar (1.1 MB at 5.8 MB/s)
[INFO] Downloading from central-https: https://repo.maven.apache.org/maven2/org/apache/maven/maven-model/3.0/maven-model-3.0.jar
[INFO] Downloaded from central-https: https://repo.maven.apache.org/maven2/org/apache/maven/shared/maven-mapping/3.0.0/maven-mapping-3.0.0.jar (11 kB at 56 kB/s)
[INFO] Downloading from central-https: https://repo.maven.apache.org/maven2/org/apache/maven/maven-settings-builder/3.0/maven-settings-builder-3.0.jar
[INFO] Downloaded from central-https: https://repo.maven.apache.org/maven2/org/iq80/snappy/snappy/0.4/snappy-0.4.jar (58 kB at 290 kB/s)
[INFO] Downloading from central-https: https://repo.maven.apache.org/maven2/org/apache/maven/maven-repository-metadata/3.0/maven-repository-metadata-3.0.jar
[INFO] Downloaded from central-https: https://repo.maven.apache.org/maven2/org/apache/maven/maven-model/3.0/maven-model-3.0.jar (165 kB at 614 kB/s)
[INFO] Downloading from central-https: https://repo.maven.apache.org/maven2/org/apache/maven/maven-artifact/3.0/maven-artifact-3.0.jar
[INFO] Downloaded from central-https: https://repo.maven.apache.org/maven2/org/apache/maven/maven-repository-metadata/3.0/maven-repository-metadata-3.0.jar (30 kB at 104 kB/s)
[INFO] Downloading from central-https: https://repo.maven.apache.org/maven2/org/apache/maven/maven-plugin-api/3.0/maven-plugin-api-3.0.jar
[INFO] Downloaded from central-https: https://repo.maven.apache.org/maven2/org/apache/maven/maven-core/3.0/maven-core-3.0.jar (527 kB at 1.8 MB/s)
[INFO] Downloading from central-https: https://repo.maven.apache.org/maven2/org/apache/maven/maven-model-builder/3.0/maven-model-builder-3.0.jar
[INFO] Downloaded from central-https: https://repo.maven.apache.org/maven2/org/apache/maven/maven-settings-builder/3.0/maven-settings-builder-3.0.jar (38 kB at 126 kB/s)
[INFO] Downloading from central-https: https://repo.maven.apache.org/maven2/org/apache/maven/maven-aether-provider/3.0/maven-aether-provider-3.0.jar
[INFO] Downloaded from central-https: https://repo.maven.apache.org/maven2/org/apache/maven/maven-artifact/3.0/maven-artifact-3.0.jar (52 kB at 155 kB/s)
[INFO] Downloading from central-https: https://repo.maven.apache.org/maven2/org/sonatype/aether/aether-impl/1.7/aether-impl-1.7.jar
[INFO] Downloaded from central-https: https://repo.maven.apache.org/maven2/org/apache/maven/maven-plugin-api/3.0/maven-plugin-api-3.0.jar (49 kB at 136 kB/s)
[INFO] Downloading from central-https: https://repo.maven.apache.org/maven2/org/sonatype/aether/aether-spi/1.7/aether-spi-1.7.jar
[INFO] Downloaded from central-https: https://repo.maven.apache.org/maven2/org/apache/maven/maven-model-builder/3.0/maven-model-builder-3.0.jar (148 kB at 402 kB/s)
[INFO] Downloading from central-https: https://repo.maven.apache.org/maven2/org/sonatype/aether/aether-api/1.7/aether-api-1.7.jar
[INFO] Downloaded from central-https: https://repo.maven.apache.org/maven2/org/sonatype/aether/aether-impl/1.7/aether-impl-1.7.jar (106 kB at 271 kB/s)
[INFO] Downloading from central-https: https://repo.maven.apache.org/maven2/org/sonatype/aether/aether-util/1.7/aether-util-1.7.jar
[INFO] Downloaded from central-https: https://repo.maven.apache.org/maven2/org/apache/maven/maven-aether-provider/3.0/maven-aether-provider-3.0.jar (51 kB at 123 kB/s)
[INFO] Downloading from central-https: https://repo.maven.apache.org/maven2/org/sonatype/sisu/sisu-inject-plexus/1.4.2/sisu-inject-plexus-1.4.2.jar
[INFO] Downloaded from central-https: https://repo.maven.apache.org/maven2/org/sonatype/aether/aether-spi/1.7/aether-spi-1.7.jar (14 kB at 32 kB/s)
[INFO] Downloading from central-https: https://repo.maven.apache.org/maven2/org/sonatype/sisu/sisu-inject-bean/1.4.2/sisu-inject-bean-1.4.2.jar
[INFO] Downloaded from central-https: https://repo.maven.apache.org/maven2/org/sonatype/aether/aether-api/1.7/aether-api-1.7.jar (74 kB at 169 kB/s)
[INFO] Downloading from central-https: https://repo.maven.apache.org/maven2/org/sonatype/sisu/sisu-guice/2.1.7/sisu-guice-2.1.7-noaop.jar
[INFO] Downloaded from central-https: https://repo.maven.apache.org/maven2/org/sonatype/aether/aether-util/1.7/aether-util-1.7.jar (108 kB at 234 kB/s)
[INFO] Downloading from central-https: https://repo.maven.apache.org/maven2/org/codehaus/plexus/plexus-classworlds/2.2.3/plexus-classworlds-2.2.3.jar
[INFO] Downloaded from central-https: https://repo.maven.apache.org/maven2/org/sonatype/sisu/sisu-inject-bean/1.4.2/sisu-inject-bean-1.4.2.jar (153 kB at 302 kB/s)
[INFO] Downloading from central-https: https://repo.maven.apache.org/maven2/org/codehaus/plexus/plexus-component-annotations/1.5.5/plexus-component-annotations-1.5.5.jar
[INFO] Downloaded from central-https: https://repo.maven.apache.org/maven2/org/sonatype/sisu/sisu-inject-plexus/1.4.2/sisu-inject-plexus-1.4.2.jar (202 kB at 383 kB/s)
[INFO] Downloading from central-https: https://repo.maven.apache.org/maven2/org/sonatype/plexus/plexus-sec-dispatcher/1.3/plexus-sec-dispatcher-1.3.jar
[INFO] Downloaded from central-https: https://repo.maven.apache.org/maven2/org/codehaus/plexus/plexus-classworlds/2.2.3/plexus-classworlds-2.2.3.jar (46 kB at 85 kB/s)
[INFO] Downloading from central-https: https://repo.maven.apache.org/maven2/org/sonatype/plexus/plexus-cipher/1.4/plexus-cipher-1.4.jar
[INFO] Downloaded from central-https: https://repo.maven.apache.org/maven2/org/sonatype/sisu/sisu-guice/2.1.7/sisu-guice-2.1.7-noaop.jar (472 kB at 816 kB/s)
[INFO] Downloaded from central-https: https://repo.maven.apache.org/maven2/org/codehaus/plexus/plexus-component-annotations/1.5.5/plexus-component-annotations-1.5.5.jar (4.2 kB at 7.1 kB/s)
[INFO] Downloaded from central-https: https://repo.maven.apache.org/maven2/org/sonatype/plexus/plexus-cipher/1.4/plexus-cipher-1.4.jar (13 kB at 22 kB/s)
[INFO] Downloaded from central-https: https://repo.maven.apache.org/maven2/org/sonatype/plexus/plexus-sec-dispatcher/1.3/plexus-sec-dispatcher-1.3.jar (29 kB at 46 kB/s)
[INFO] Downloaded from central-https: https://repo.maven.apache.org/maven2/com/github/luben/zstd-jni/1.5.5-2/zstd-jni-1.5.5-2.jar (5.9 MB at 7.5 MB/s)
[INFO] Packaging webapp
[INFO] Assembling webapp [movie-lab] in [C:\develop\NOTE_UTP\StudyNote\5 Information Systems\Lab\Lab1\movie-lab\target\movie-lab]
[INFO] Processing war project
[INFO] Copying webapp resources [C:\develop\NOTE_UTP\StudyNote\5 Information Systems\Lab\Lab1\movie-lab\src\main\webapp]
[INFO] Building war: C:\develop\NOTE_UTP\StudyNote\5 Information Systems\Lab\Lab1\movie-lab\target\movie-lab.war
[INFO] ------------------------------------------------------------------------
[INFO] BUILD SUCCESS
[INFO] ------------------------------------------------------------------------
[INFO] Total time:  33.731 s
[INFO] Finished at: 2026-09-20T19:17:34+03:00
[INFO] ------------------------------------------------------------------------
