source_row,actual,M1,M2,M3,M4 (bonus)
9483,74.0,49.614231586715505,70.48017863734759,71.00297194241065,70.99931813236242
2086,56.0,57.93728481727293,55.59025087242277,54.67174341363294,54.67149016651556
7700,55.0,60.71163589412541,52.32653562716445,51.88264873866718,51.881137289382345
9108,29.0,52.38858266356798,29.485476376380344,28.07135031048307,28.07337787018845
2773,32.0,52.38858266356798,31.524989188040287,32.069298816804746,32.07106954230393
1469,89.0,66.26033804783036,82.51033574652676,83.29839781326208,83.30399168759618
6785,30.0,52.38858266356798,26.42620715889043,28.32489325120561,28.327177363284502
5075,47.0,49.614231586715505,50.08505052074817,50.43402520613252,50.43390226350878
6471,35.0,60.71163589412541,34.99067672805495,34.71668131143097,34.71234508870648
4262,53.0,52.38858266356798,51.9201173046397,51.34217429228408,51.34224717708547
5839,59.0,63.48598697097789,57.2208716285459,56.82573560025719,56.82417405887147
3552,29.0,57.93728481727293,30.096340726673503,31.469932644404366,31.46773656532917
4929,70.0,46.83988050986302,66.6055990417961,66.25550661491249,66.25019639354231
3209,24.0,44.065529433010546,19.90125040138585,20.99612267035944,21.004453943005288
4101,91.0,66.26033804783036,91.6881433989965,92.55854396249137,92.56728662571453
6211,47.0,52.38858266356798,46.821335275489844,47.746026637052196,47.74652080794853
3671,45.0,57.93728481727293,43.35317400246312,43.748000464629826,43.74688149576271
3393,62.0,49.614231586715505,61.30237098487785,60.34565842649714,60.34366158923162
9813,68.0,46.83988050986302,67.62535544762608,66.31787771511318,66.31228428626878
60,70.0,60.71163589412541,73.74142014959384,74.64007102433506,74.64236791116798
2236,72.0,49.614231586715505,76.5987170723274,76.44126251467131,76.43651310189264
8485,27.0,44.065529433010546,31.118570865515537,29.886420477261858,29.89073489978243
2561,37.0,55.162933740420456,37.43908159525171,38.222570129026984,38.22270736058481
4762,47.0,63.48598697097789,46.00355116441622,46.05868736041838,46.054157570467446
4743,39.0,52.38858266356798,36.62377121719014,38.614811612694155,38.61623416318339
4105,67.0,60.71163589412541,65.58336890295408,66.10640876970874,66.10729145250414
2065,38.0,57.93728481727293,35.19512275582336,36.89301392094614,36.89112315357228
3032,70.0,66.26033804783036,74.35228449988699,73.75017264209536,73.75299516155768
5303,65.0,44.065529433010546,65.79028866373454,65.5429790628528,65.53523763238383
6944,72.0,49.614231586715505,73.5394478548375,72.31611862004637,72.31181199447681
246,27.0,44.065529433010546,28.05930164802562,27.21237825072478,27.21775906539498
2319,60.0,52.38858266356798,57.018899333789555,56.67504944963937,56.67456675732354
1030,35.0,46.83988050986302,31.933881243577098,32.873310388877876,32.87709691238749
180,65.0,57.93728481727293,61.7087893074026,62.5715810807447,62.572072510827105
184,38.0,57.93728481727293,34.17536634999338,36.16653002634319,36.164579455245416
2653,47.0,44.065529433010546,43.35564773547519,44.340207739060084,44.340440138935904
3584,51.0,46.83988050986302,54.36852217183645,52.9241508724619,52.922092894274904
2522,51.0,66.26033804783036,46.81886154247779,47.44621769357929,47.43948259728486
6342,55.0,57.93728481727293,51.51122524910289,53.24906383131473,53.24871704661048
3882,58.0,55.162933740420456,55.79469690019118,55.94549919919212,55.945521851391774
2013,40.0,57.93728481727293,41.31366119080318,40.55153267637871,40.55017146468763
6971,59.0,46.83988050986302,57.427791389326366,57.82539365407349,57.822687933801625
8674,25.0,52.38858266356798,22.34718153557055,24.11199642529607,24.11477177596187
228,89.0,63.48598697097789,88.833320209275,89.04304305902333,89.04960515269549
8609,60.0,66.26033804783036,57.016425600777495,58.98504551138482,58.981902415328086
851,27.0,49.614231586715505,27.65040959248881,27.42292959519202,27.42659400618442
7050,46.0,66.26033804783036,41.72007951332793,43.40941379702281,43.400960519243185
49,53.0,63.48598697097789,55.18135881688596,54.60755891076359,54.60551050892226
141,68.0,49.614231586715505,68.44066582568765,67.41300971731674,67.40959039219932
7040,51.0,60.71163589412541,51.30677922133448,51.15616484406423,51.15450544468034
3067,87.0,57.93728481727293,83.12367382983199,84.15941004258313,84.16174710015969
6560,90.0,63.48598697097789,90.87283302093493,90.21450250397083,90.2215536986474
8843,55.0,66.26033804783036,51.91764357162764,51.674323815207714,51.669310567275254
9110,42.0,52.38858266356798,41.72255324634,43.32661829035185,43.327590605387854
3899,50.0,46.83988050986302,52.329009360176514,51.66248530832793,51.66101656057099
9819,28.0,52.38858266356798,31.524989188040287,31.49539214158897,31.497151866457745
1314,51.0,66.26033804783036,52.937399977457616,51.10473644901187,51.100117543152685
8366,82.0,52.38858266356798,81.49305307370885,81.95825605147708,81.95584749935668
3610,40.0,55.162933740420456,39.47859440691165,38.85639471654156,38.85632001118573
4303,30.0,44.065529433010546,29.07905805385559,27.949752132026678,27.95479683528755
9904,63.0,46.83988050986302,61.50681701264625,60.86869715615359,60.86468339154799
4218,48.0,46.83988050986302,48.249983736856635,46.85801932358185,46.857434241641684
2749,40.0,46.83988050986302,38.05241967855692,38.60399929209589,38.60618924331068
254,19.0,44.065529433010546,18.881493995555886,18.728330988482142,18.736969037522897
3359,74.0,57.93728481727293,75.9853789890222,75.91569293101227,75.91723284141872
4091,84.0,63.48598697097789,79.65551255680526,81.50461693544138,81.50885655949196
3049,99.0,66.26033804783036,96.78692542814636,96.78665008411977,96.79711459570493
878,43.0,46.83988050986302,43.151201707706775,41.86470430166574,41.86546782698621
3752,64.0,49.614231586715505,63.341883796537786,62.867123433647045,62.86480471851463
602,61.0,52.38858266356798,62.11768136293941,64.27816947677383,64.2773811856417
3716,45.0,44.065529433010546,46.4149169529651,46.22726109191157,46.22632279864566
5285,55.0,66.26033804783036,53.95715638328758,54.578393272501465,54.57412323695738
5533,60.0,63.48598697097789,57.2208716285459,58.08553504327312,58.084064561700295
8063,62.0,63.48598697097789,61.29989725186579,61.30564892604018,61.30524037253545
4982,81.0,55.162933740420456,81.28860704594045,80.24796151437043,80.24786168270467
5107,42.0,63.48598697097789,40.90476913526637,40.76208402084596,40.75618572147265
1681,47.0,60.71163589412541,45.188240786354655,45.78269855990615,45.780204651095815
9374,87.0,63.48598697097789,86.79380739761505,85.70920734710393,85.71531152967877
9092,50.0,66.26033804783036,47.83861794830776,47.93423755862851,47.92793938060099
8964,36.0,49.614231586715505,33.76894802746863,33.89344556761382,33.8962629278487
8515,54.0,49.614231586715505,54.16407614406805,55.84866968387723,55.84786550253086
4726,57.0,49.614231586715505,56.203588955727994,57.94036843640148,57.93935138572898
2698,41.0,66.26033804783036,40.700323107497965,38.30424306707238,38.29538734215361
3110,36.0,60.71163589412541,38.04994594554486,38.93203132524239,38.92828949687763
3090,81.0,52.38858266356798,80.47329666787888,81.26804397465699,81.26559075252612
3784,37.0,63.48598697097789,35.80598710611652,35.82270330033347,35.81564980107066
9093,25.0,46.83988050986302,22.75607359110736,24.085974808978932,24.09215252405399
1937,37.0,46.83988050986302,36.012906866896984,34.392968587304395,34.39567465786425
7060,32.0,49.614231586715505,33.76894802746863,34.60472016649789,34.60741161013598
7921,62.0,52.38858266356798,70.27573260957918,67.8592382208369,67.85765941581876
7107,69.0,57.93728481727293,69.86684055404237,69.1273967965492,69.12837519005353
5103,89.0,60.71163589412541,89.0377662370434,88.52613704105548,88.53111766708504
8638,40.0,52.38858266356798,40.702796840510025,40.66533217163176,40.66629467344119
5427,64.0,44.065529433010546,65.79028866373454,64.73060835808329,64.7229686024015
909,64.0,44.065529433010546,62.73101944624463,61.90153572425714,61.894797534811346
954,38.0,44.065529433010546,35.197596488835416,35.31195494170552,35.3149277712448
5516,45.0,63.48598697097789,47.02330757024619,45.48909999422254,45.484876399969735
8200,73.0,49.614231586715505,68.44066582568765,69.97565291805327,69.9725114799232
5319,59.0,57.93728481727293,59.66927649574266,57.45120105507539,57.45136875682335
3569,64.0,52.38858266356798,67.21646339208927,68.56020989980587,68.55908038176129
7251,80.0,57.93728481727293,78.02489180068213,80.36107017558038,80.36289857188125
9314,56.0,46.83988050986302,58.44754779515634,57.38228422484699,57.37917408805279
6494,34.0,60.71163589412541,36.010433133884916,35.692519222286606,35.68826309098603
7517,53.0,55.162933740420456,51.7156712768713,51.63150626739714,51.63164333087354
9162,27.0,49.614231586715505,27.65040959248881,26.567514575717837,26.571184894135836
7022,59.0,60.71163589412541,59.46483046797425,59.372046936649284,59.37197980839575
8533,45.0,44.065529433010546,44.375404141305154,45.15689775284952,45.156728649640755
2125,81.0,52.38858266356798,80.47329666787888,80.83827772003133,80.83593350644124
5936,82.0,55.162933740420456,80.26885064011049,80.04822249050144,80.04827834441168
2880,39.0,49.614231586715505,40.90724286827843,41.26408517608973,41.26555277390157
7392,74.0,52.38858266356798,73.33500182706909,73.46086561463362,73.45899721244218
164,45.0,44.065529433010546,43.35564773547519,45.53518289397344,45.5353209528157
6172,63.0,44.065529433010546,65.79028866373454,65.63318518203928,65.6254231766375
6781,56.0,66.26033804783036,55.99666919494753,57.86506717993907,57.86154769053695
9464,64.0,57.93728481727293,59.66927649574266,60.87337676506325,60.873604336716994
2532,56.0,55.162933740420456,54.77494049436121,55.782031993105996,55.78204917184483
1590,83.0,52.38858266356798,81.49305307370885,83.25432731227588,83.25184866093153
3250,38.0,52.38858266356798,40.702796840510025,40.03337370523523,40.03439673196619
3839,42.0,55.162933740420456,42.53786362440156,43.94893972322507,43.94901426003742
3119,79.0,63.48598697097789,77.61599974514532,79.37664636513426,79.38037855379642
5200,64.0,46.83988050986302,60.48706060681628,61.97591937978234,61.97230045739668
933,39.0,46.83988050986302,37.03266327272695,36.606825967778065,36.609172824214156
9429,68.0,66.26033804783036,68.23374606490718,67.88623330498619,67.88687505655878
5097,18.0,46.83988050986302,16.637535156127534,16.58640407563179,16.594261703404825
8219,28.0,55.162933740420456,28.261273942781965,27.90481674855264,27.904935884532748
8434,79.0,57.93728481727293,74.96562258319221,74.3229040302362,74.3243452276019
2865,69.0,63.48598697097789,65.37892287518567,66.61919729789945,66.61984619136524
6900,67.0,66.26033804783036,72.31277168822706,70.7019627642115,70.70392206211426
7917,56.0,52.38858266356798,55.99914292795958,56.67750263754125,56.67731226079582
4437,63.0,60.71163589412541,62.524099685464165,63.103696394431424,63.104192084974386
679,60.0,44.065529433010546,59.67175022875472,59.328589603605494,59.32294204811895
6248,20.0,49.614231586715505,19.49235834584904,17.311687735508492,17.316845633747747
6065,64.0,55.162933740420456,64.97250455266092,66.50848910614201,66.5086741049002
6188,64.0,66.26033804783036,62.11520762992735,63.16598982853142,63.16468492313106
2646,37.0,49.614231586715505,39.88748646244846,39.1295439281036,39.13121720198881
4781,25.0,49.614231586715505,24.591140374998897,23.182197750296687,23.186531499210282
2872,39.0,57.93728481727293,34.17536634999338,34.76936265965895,34.767457945975494
8574,24.0,49.614231586715505,22.551627563338954,21.898752212764812,21.903409265873307
5587,49.0,60.71163589412541,51.30677922133448,50.917700814510496,50.91615409054418
2969,53.0,46.83988050986302,50.289496548516574,49.57078655580368,49.56970697012315
1691,88.0,63.48598697097789,85.77405099178509,86.32183902800445,86.32773278224272
505,54.0,49.614231586715505,52.12456333240811,52.85439410739699,52.85392504509672
830,72.0,63.48598697097789,72.51721771599546,73.22462800608766,73.22699759275304
7555,32.0,49.614231586715505,26.63065318665884,27.47254458757572,27.476473118219264
7268,72.0,57.93728481727293,70.88659695987234,69.43500442322545,69.43619644573691
6668,77.0,49.614231586715505,73.5394478548375,75.49983030048048,75.49569622023431
4067,43.0,52.38858266356798,44.781822463829904,44.69369926939119,44.694423792135304
1463,72.0,44.065529433010546,69.86931428705442,69.67244226649765,69.66342934227134
3026,82.0,57.93728481727293,81.08416101817204,81.45753279706025,81.45970400411852
1612,47.0,46.83988050986302,44.17095811353675,44.23359208942847,44.23416122653881
3804,39.0,60.71163589412541,41.109215163034776,40.93107077067826,40.92781394247633
4467,33.0,60.71163589412541,30.911651104735064,29.87594350890203,29.87088918352837
1420,42.0,55.162933740420456,41.518107218571586,42.69159346811102,42.69178111430575
4977,81.0,66.26033804783036,82.51033574652676,80.56211487107439,80.56772893468518
8299,48.0,44.065529433010546,49.474186170455006,49.2839077685925,49.28191041693057
4260,73.0,55.162933740420456,72.11079939347071,73.48563427777512,73.48565141286616
6192,52.0,44.065529433010546,51.513698982114946,52.043836805296145,52.041052314849175
1204,33.0,49.614231586715505,33.76894802746863,34.41341794142596,34.416105718187254
8278,59.0,46.83988050986302,58.44754779515634,57.19098199977507,57.18786819610406
4479,63.0,66.26033804783036,61.09545122409738,61.089500371726054,61.087800738596286
7161,56.0,52.38858266356798,54.979386522129616,53.63361206867731,53.63340454495171
7080,80.0,57.93728481727293,79.04464820651211,78.57884517085041,78.58059606799186
4731,63.0,60.71163589412541,64.5636124971241,64.65776028952277,64.65857612207347
9881,52.0,44.065529433010546,52.53345538794492,53.60035388828936,53.5973885380443
7808,37.0,66.26033804783036,38.66081029583802,36.750179171981046,36.740650719553976
8149,78.0,60.71163589412541,76.80068936708375,78.46192660130369,78.4647657320003
1662,82.0,52.38858266356798,79.4535402620489,79.34658492514069,79.34434253306974
5976,41.0,60.71163589412541,38.04994594554486,39.123333550314314,39.11959538882636
399,63.0,49.614231586715505,61.30237098487785,63.17214748787133,63.170109886396304
5026,74.0,60.71163589412541,72.72166374376387,74.10488935480404,74.1070419584147
3547,32.0,49.614231586715505,30.70967880997872,31.750265701587832,31.753535808990364
2556,70.0,46.83988050986302,71.70438107094596,71.2234398057447,71.21698695289315
726,36.0,63.48598697097789,40.90476913526637,40.15190552784732,40.146157386880425
7819,48.0,57.93728481727293,47.43219962578301,48.444597846568655,48.443724385678955
2800,71.0,63.48598697097789,73.53697412182544,74.23262024494902,74.23520902003257
4239,59.0,49.614231586715505,61.30237098487785,61.403265657742196,61.40131139667032
2879,65.0,63.48598697097789,58.240628034375874,60.017884079488375,60.01660017009863
8591,56.0,55.162933740420456,56.81445330602115,55.1737196212254,55.17373554637854
4600,70.0,55.162933740420456,75.17006861096063,75.00097316718171,75.0009148486215
3137,93.0,66.26033804783036,89.64863058733656,90.77690602454524,90.78513345242013
3349,76.0,57.93728481727293,73.94586617736225,74.75512347276374,74.75657168440877
8479,17.0,44.065529433010546,18.881493995555886,18.089600025163797,18.098041672727682
1163,55.0,44.065529433010546,55.59272460543483,55.061758476292326,55.057519331790346
6637,78.0,46.83988050986302,75.78340669426584,75.87287538320172,75.86537403861976
791,45.0,63.48598697097789,43.96403835275628,45.37092847150018,45.365941156108065
8882,79.0,49.614231586715505,79.65798628981732,79.34965128098499,79.3444637885459
1605,58.0,49.614231586715505,56.203588955727994,58.37013469102713,58.36900863181387
7057,46.0,49.614231586715505,40.90724286827843,41.35429129527621,41.35573831815524
7898,49.0,46.83988050986302,49.2697401426866,47.25583306944458,47.255088456078184
9387,68.0,66.26033804783036,74.35228449988699,73.08605984769311,73.08889194145783
3036,73.0,55.162933740420456,77.20958142262057,76.32746301941825,76.32752974952527
2425,34.0,60.71163589412541,31.931407510565037,32.19089699526113,32.18594842944903
3730,68.0,44.065529433010546,65.79028866373454,65.50670724506993,65.4991269736378
8561,78.0,60.71163589412541,76.80068936708375,78.75432493226106,78.75719197164408
9780,57.0,44.065529433010546,58.651993822924744,58.757136116291605,58.75203431487047
5732,42.0,66.26033804783036,39.68056670166799,40.41513822054256,40.40596230530739
7444,56.0,44.065529433010546,56.612481011264805,58.398047376113624,58.39358884815284
7841,47.0,60.71163589412541,45.188240786354655,47.06787983400599,47.065271009229285
8598,97.0,66.26033804783036,96.78692542814636,96.59534785904785,96.6058087037562
5070,60.0,49.614231586715505,59.26285817321791,60.17787191139109,60.17616942896217
8788,48.0,49.614231586715505,50.08505052074817,47.8781545023178,47.8780105991051
1459,43.0,60.71163589412541,37.03018953971489,38.20554743063944,38.20165765217561
8168,57.0,57.93728481727293,56.610007278252745,56.354738433595514,56.35456332458608
2294,49.0,63.48598697097789,47.02330757024619,49.00148182339689,48.99729752411706
7981,52.0,44.065529433010546,51.513698982114946,51.85253458022422,51.849746422900445
2666,44.0,44.065529433010546,43.35564773547519,44.04780940810272,44.048013899292116
5162,21.0,49.614231586715505,21.53187115750898,22.341861641991308,22.346834965247005
1736,82.0,63.48598697097789,83.73453818012514,83.61996178248157,83.62533710070099
6920,48.0,52.38858266356798,46.821335275489844,48.511235537339886,48.51174437574344
1460,70.0,46.83988050986302,69.66486825928601,70.08825217858006,70.08220682218894
9667,67.0,46.83988050986302,68.64511185345604,67.04436160971613,67.0384753990951
4660,39.0,60.71163589412541,36.010433133884916,36.25553591080343,36.25124596339082
2033,19.0,44.065529433010546,21.9407632130458,22.21474391978873,22.222213901892687
5465,53.0,44.065529433010546,52.53345538794492,53.11665333226008,53.11365640645178
3444,45.0,49.614231586715505,40.90724286827843,42.70429685747863,42.70581436523773
8819,39.0,44.065529433010546,35.197596488835416,36.51782008331783,36.520743388565975
1196,45.0,46.83988050986302,42.13144530187681,42.97192652529449,42.9730848928349
6585,50.0,57.93728481727293,52.53098165493286,51.5679349324702,51.56753489041616
6848,59.0,49.614231586715505,60.28261457904787,61.3408945575415,61.33913535756872
4263,72.0,44.065529433010546,71.90882709871437,71.84757464128657,71.83771876090236
8212,38.0,46.83988050986302,38.05241967855692,37.344199849079956,37.346298740481856
3291,27.0,49.614231586715505,27.65040959248881,27.917520137920253,27.921260941218325
5947,78.0,55.162933740420456,78.22933782845054,78.35001817482,78.34998646305186
5745,51.0,52.38858266356798,49.88060449297976,50.46311317829395,50.463430041778466
7684,64.0,46.83988050986302,62.52657341847622,63.721285499945594,63.7171089226931
2719,76.0,46.83988050986302,73.7438938826059,73.10617384957625,73.09902642463067
4109,26.0,44.065529433010546,23.980276024705738,24.725318940239692,24.73206964223375
3230,65.0,66.26033804783036,63.13496403575732,64.09466593490525,64.09373375597347
2917,48.0,57.93728481727293,46.41244321995303,44.588336572935205,44.58737134710223
152,36.0,49.614231586715505,35.80846083912857,35.245317250934285,35.24770109855656
965,64.0,60.71163589412541,64.5636124971241,65.08752654414842,65.08823336815834
2938,32.0,44.065529433010546,32.1383272713455,30.140093802534473,30.144040538082482
464,64.0,66.26033804783036,62.11520762992735,63.64969038456071,63.64841705472358
5730,59.0,60.71163589412541,61.50434327963419,60.7348086066687,60.7350579535461
5248,30.0,49.614231586715505,29.689922404148753,30.009218890444505,30.012746824416453
9745,84.0,60.71163589412541,84.95874061372352,83.87670146359848,83.88096765385566
4518,30.0,57.93728481727293,30.096340726673503,30.831201681086018,30.828809200533957
2180,60.0,57.93728481727293,58.649520089912684,59.03123384803448,59.03143056532261
1214,75.0,52.38858266356798,76.394271044559,74.59360005389635,74.59138442517467
4388,64.0,63.48598697097789,65.37892287518567,63.583743527832574,63.58412777549023
946,70.0,63.48598697097789,76.59624333931535,74.79144800899599,74.79473631342053
9859,35.0,52.38858266356798,34.58425840553019,33.30312936195293,33.30457710273146
2512,85.0,63.48598697097789,88.833320209275,89.03215307232439,89.0386703492541
5930,63.0,52.38858266356798,62.11768136293941,61.15928208444228,61.15850664883324
1740,50.0,57.93728481727293,49.471712437442946,47.93738158057349,47.936707400657994
8248,53.0,57.93728481727293,53.55073806076283,54.467685080744026,54.46735846924925
5728,75.0,52.38858266356798,72.31524542123911,72.11331324033308,72.11166666883199
8494,62.0,63.48598697097789,61.29989725186579,62.070857826327874,62.07046394033037
3198,40.0,46.83988050986302,41.111688896046836,40.65697303893539,40.65846637878994
300,75.0,44.065529433010546,73.9483399103743,73.30054243049247,73.28992469380474
6213,50.0,46.83988050986302,52.329009360176514,50.695084196269356,50.69355229738596
790,62.0,46.83988050986302,64.56608623013616,63.734041607762585,63.72922955700959
9375,51.0,60.71163589412541,51.30677922133448,50.964862618992306,50.96319955273161
8856,83.0,66.26033804783036,79.45106652903685,80.624355586725,80.62890034020542
5143,44.0,60.71163589412541,45.188240786354655,44.42180301100478,44.41919380057194
1608,73.0,46.83988050986302,74.76365028843587,74.55070483998509,74.54339564306447
3559,62.0,55.162933740420456,59.87372252351106,60.16516852202347,60.165309447535165
3002,25.0,55.162933740420456,25.202004725292053,27.10075245803013,27.10082113106468
2309,62.0,44.065529433010546,61.71126304041466,61.7126866870871,61.70650158546031
4400,83.0,57.93728481727293,83.12367382983199,81.17789057391988,81.18010356979231
258,71.0,57.93728481727293,71.9063533657023,71.44666959192824,71.44780650219724
922,82.0,66.26033804783036,81.4905793406968,80.16430112521165,80.16945769562271
4665,87.0,55.162933740420456,83.32811985760038,83.92812985865083,83.92812755262199
5336,58.0,66.26033804783036,59.055938412437435,57.21802980237373,57.215523805729134
7878,26.0,49.614231586715505,27.65040959248881,28.10882236299218,28.112566833167055
9931,81.0,63.48598697097789,80.67526896263523,79.77632623211504,79.78080523386049
3361,34.0,44.065529433010546,32.1383272713455,32.064006039952666,32.068034261011164
1902,38.0,52.38858266356798,37.643527623020105,37.890193839209246,37.891405173982434
1848,38.0,49.614231586715505,38.867730056618484,40.283927956214164,40.28579158364978
1518,79.0,63.48598697097789,77.61599974514532,78.79184970321955,78.79552607450884
6124,76.0,46.83988050986302,74.76365028843587,76.13917443174124,76.13182304428312
356,64.0,44.065529433010546,60.691506634584684,61.1126807294535,61.10669482200883
7338,60.0,60.71163589412541,61.50434327963419,61.02720693762606,61.027484193189885
2042,57.0,63.48598697097789,55.18135881688596,55.12753128457574,55.12535329926081
6001,78.0,52.38858266356798,78.43378385621895,78.62010103053774,78.61797512749314
7800,56.0,63.48598697097789,52.12208959939605,52.554585163924095,52.551646738690515
598,48.0,55.162933740420456,45.59713284189147,45.61930901992072,45.619472928995464
563,58.0,46.83988050986302,58.44754779515634,56.909473655516656,56.90637675990166
3951,19.0,49.614231586715505,22.551627563338954,21.335735524247987,21.34042639346852
2592,62.0,57.93728481727293,59.66927649574266,60.342514404552155,60.342826742937056
5942,56.0,66.26033804783036,54.976912789117556,55.023368822846,55.01943993820726
6801,52.0,63.48598697097789,53.14184600522602,52.89846460838319,52.89575494587021
917,33.0,57.93728481727293,29.076584320843534,30.642352643915977,30.64007251930724
553,81.0,66.26033804783036,79.45106652903685,80.00328710702742,80.00793720217182
9867,79.0,57.93728481727293,80.06440461234207,79.16796114178507,79.16990875987764
8566,28.0,52.38858266356798,28.46571997055037,28.785078097269025,28.787272055948016
3428,54.0,52.38858266356798,54.979386522129616,54.64817498521769,54.647914270324165
3279,85.0,60.71163589412541,83.93898420789355,84.82889327993817,84.83294875462596
8670,82.0,60.71163589412541,82.91922780206357,82.6150358994645,82.61900985640037
9386,47.0,66.26033804783036,45.79910513664782,45.71606086913492,45.70909953790151
46,17.0,44.065529433010546,16.84198118389594,16.546426116771407,16.55565019557165
5426,71.0,63.48598697097789,68.43819209267558,68.5643024419317,68.5655601905817
3253,78.0,46.83988050986302,75.78340669426584,76.93048261444676,76.92302384605847
7958,18.0,49.614231586715505,20.512114751679015,21.030581085473642,21.035703226757974
2974,95.0,66.26033804783036,95.76716902231638,95.47536952760211,95.48545397896507
5866,63.0,66.26033804783036,68.23374606490718,66.9618765076323,66.96255087543999
8767,80.0,55.162933740420456,79.2490942342805,80.5276037375108,80.52763840978115
4179,41.0,57.93728481727293,41.31366119080318,40.497598374975084,40.49609657918
8827,56.0,46.83988050986302,56.4080349834964,56.15689047849588,56.15420841309491
7753,73.0,55.162933740420456,72.11079939347071,72.91172760255934,72.91173373701997
8971,80.0,66.26033804783036,79.45106652903685,80.3967815438702,80.40148378951066
4288,31.0,46.83988050986302,28.874612026087185,29.195595232499365,29.200281716943568
4420,81.0,63.48598697097789,81.6950253684652,80.84237026215716,80.84699692676884
2156,94.0,66.26033804783036,94.74741261648641,95.05217395065546,95.06200688459796
8970,19.0,44.065529433010546,23.980276024705738,22.41880225267765,22.425464135407616
4882,32.0,44.065529433010546,36.21735289466539,34.800419366690434,34.80300984174993
1409,23.0,52.38858266356798,23.36693794140052,23.434540456292975,23.436988248948342
982,30.0,52.38858266356798,29.485476376380344,31.291333808700053,31.29337275469198
1007,44.0,49.614231586715505,44.98626849159831,44.04354281753218,44.0443736077077
1876,95.0,66.26033804783036,93.72765621065645,95.56370952567056,95.5732196430917
4852,78.0,49.614231586715505,77.61847347815737,77.60428516082172,77.5994790304992
6746,69.0,46.83988050986302,63.54632982430619,64.26735715617558,64.26292894701209
1276,77.0,55.162933740420456,77.20958142262057,78.19744095543282,78.19744858694631
3570,88.0,63.48598697097789,86.79380739761505,88.30812236562332,88.31434327614869
9292,85.0,60.71163589412541,84.95874061372352,84.9705805126264,84.9747281200404
8738,58.0,66.26033804783036,60.07569481826741,59.73517550050371,59.73300003979018
2656,82.0,63.48598697097789,80.67526896263523,80.89198525454086,80.896435306928
5221,56.0,66.26033804783036,57.016425600777495,55.801333830950696,55.79801818957059
7266,35.0,63.48598697097789,33.76647429445657,34.99080399082515,34.98317295694997
1783,36.0,66.26033804783036,37.64105389000805,38.62261029589749,38.61287432857161
4951,66.0,46.83988050986302,66.6055990417961,66.70293535315892,66.6978178663888
2804,60.0,49.614231586715505,58.243101767387934,58.48398690472957,58.482425906575685
9408,68.0,46.83988050986302,67.62535544762608,67.41852926106291,67.41307417577373
1755,36.0,63.48598697097789,38.86525632360643,37.8580145635522,37.8515493445408
318,94.0,60.71163589412541,86.99825342538347,88.22098260228114,88.22568932937341
9536,97.0,66.26033804783036,94.74741261648641,94.9941221594747,95.00402661896914
4876,56.0,57.93728481727293,56.610007278252745,56.127164390740724,56.12714677389132
3324,53.0,63.48598697097789,55.18135881688596,55.51013573471958,55.50796508315827
9193,60.0,57.93728481727293,57.62976368408271,57.76711509599862,57.76707984989558
7037,77.0,49.614231586715505,75.57896066649744,77.92019920174496,77.91571900182225
9600,70.0,66.26033804783036,70.27325887656711,70.97071500065292,70.97205881474824
7866,48.0,63.48598697097789,47.02330757024619,46.976473480093254,46.97218345349332
2322,85.0,57.93728481727293,85.16318664149193,85.55844353038542,85.5607596113058
5733,70.0,52.38858266356798,73.33500182706909,72.35609657890674,72.35430194281606
5970,47.0,57.93728481727293,48.45195603161298,49.283067833755986,49.28232323514228
5950,24.0,44.065529433010546,21.9407632130458,21.640837244572957,21.648296226046497
657,32.0,57.93728481727293,33.155609944163416,32.98527153381095,32.98326444020993
1956,61.0,60.71163589412541,58.44507406214428,58.59162874064271,58.5912730781861
2761,55.0,52.38858266356798,53.95963011629964,54.53864208053519,54.538604622659996
7478,67.0,44.065529433010546,70.88907069288439,71.21129686587011,71.20180133870485
6079,71.0,52.38858266356798,69.2559762037492,69.54036711968143,69.53901786476335
6336,50.0,63.48598697097789,51.10233319356608,50.81353835278076,50.81041702224091
8404,77.0,46.83988050986302,73.7438938826059,73.73401482619565,73.72701898598449
3103,47.0,44.065529433010546,45.39516054713513,45.793175528265984,45.79264607183827
7320,65.0,52.38858266356798,66.1967069862593,66.13738781063952,66.13613580395078
7337,82.0,66.26033804783036,81.4905793406968,81.95084543896155,81.9562204121103
4485,53.0,60.71163589412541,51.30677922133448,52.1235659561228,52.12196970786537
8799,74.0,44.065529433010546,72.92858350454433,72.81929506236507,72.80920250480992
7062,61.0,49.614231586715505,63.341883796537786,62.37253289091881,62.37013778348072
4760,69.0,55.162933740420456,69.0515301759808,68.02137480764671,68.0212801835584
5924,66.0,44.065529433010546,65.79028866373454,65.35167683778087,65.3439317404351
4811,56.0,55.162933740420456,55.79469690019118,55.94549919919212,55.945521851391774
5600,34.0,52.38858266356798,31.524989188040287,31.84172477394996,31.84365299160917
8027,89.0,66.26033804783036,88.62887418150659,87.48777892920575,87.49540422724397
894,84.0,63.48598697097789,82.71478177429518,82.49998345103582,82.505070522285
8397,38.0,44.065529433010546,41.31613492381524,42.11114106286754,42.11207583479724
546,65.0,63.48598697097789,68.43819209267558,68.76649465370257,68.76780088597184
9385,78.0,57.93728481727293,78.02489180068213,76.55629001544867,76.55805120809015
7948,20.0,44.065529433010546,19.90125040138585,20.750886143883882,20.759073165548926
5498,29.0,46.83988050986302,30.914124837747124,30.4935326144162,30.497468709393512
5899,68.0,63.48598697097789,68.43819209267558,67.12409076054279,67.12529859924555
3658,59.0,60.71163589412541,58.44507406214428,58.59162874064271,58.5912730781861
3634,67.0,57.93728481727293,68.84708414821239,68.49111902113275,68.49201703598033
1890,58.0,57.93728481727293,60.68903290157263,59.527690511880756,59.52798850223271
6348,87.0,60.71163589412541,90.05752264287338,90.45848607727073,90.46356512910825
1657,77.0,66.26033804783036,78.43131012320688,80.76417669829519,80.7684361182431
4322,13.0,44.065529433010546,15.822224778065973,14.411884868785286,14.421490916409176
4695,59.0,57.93728481727293,60.68903290157263,60.632459547607624,60.63268377185884
6609,18.0,49.614231586715505,19.49235834584904,20.058860664395134,20.06404319010015
3168,26.0,55.162933740420456,25.202004725292053,24.501837439510727,24.501789384594762
4758,49.0,49.614231586715505,47.025781303258256,47.46758464863808,47.46797131122671
9158,72.0,55.162933740420456,73.13055579930068,71.19432688593196,71.19435277570449
2288,82.0,52.38858266356798,77.41402745038897,78.12119117878957,78.1190242726113
600,37.0,44.065529433010546,38.25686570632533,38.70816175382562,38.709987091360915
9238,33.0,55.162933740420456,31.32054316027188,31.14187566360655,31.14195234782665
9016,44.0,60.71163589412541,46.20799719218463,45.451575223264044,45.44918668835913
5974,24.0,55.162933740420456,25.202004725292053,25.45834856487035,25.458318844338404
6486,32.0,46.83988050986302,31.933881243577098,33.44721706409365,33.451014588233676
7773,80.0,66.26033804783036,79.45106652903685,80.20547931879828,80.21017789756193
3472,47.0,57.93728481727293,44.372930408293094,43.79948157813157,43.79838717054834
8915,85.0,60.71163589412541,80.87971499040364,81.87334270914266,81.87689484928363
2722,71.0,66.26033804783036,72.31277168822706,72.10590262781754,72.10807299470437
7829,60.0,52.38858266356798,62.11768136293941,62.45535334524107,62.45450781040809
4215,76.0,63.48598697097789,79.65551255680526,79.29919635376477,79.30337140036087
10,84.0,63.48598697097789,85.77405099178509,84.29683068470081,84.30261871161899
5677,38.0,49.614231586715505,38.867730056618484,38.64152406305438,38.643289296923506
3820,46.0,46.83988050986302,44.17095811353675,43.219029172888085,43.219651501166354
9817,45.0,57.93728481727293,50.49146884327292,50.880176043552,50.87967106155733
6703,56.0,57.93728481727293,52.53098165493286,54.21401175547141,54.2136120990735
674,72.0,57.93728481727293,69.86684055404237,70.47740235875163,70.47845123713601
2840,34.0,57.93728481727293,32.13585353833345,34.51137002536642,34.50925136320155
9993,55.0,66.26033804783036,54.976912789117556,55.97987994820563,55.975969397950905
1050,50.0,63.48598697097789,50.08257678773611,50.08705445817782,50.083697031163766
6860,44.0,63.48598697097789,41.924525541096344,41.98315845817714,41.9775726475837
5847,45.0,49.614231586715505,46.00602489742828,46.69393894955331,46.69464658983783
9861,48.0,46.83988050986302,46.21047092519669,47.52026599686607,47.52035163086645
5480,33.0,60.71163589412541,30.911651104735064,32.803528676161655,32.79845782838811
8158,42.0,52.38858266356798,45.80157886965988,46.636938292305395,46.63754161847447
9760,62.0,57.93728481727293,63.74830211906254,62.48324108267625,62.48377796844963
6694,53.0,49.614231586715505,53.14431973823808,52.86960340311587,52.869055622010904
4483,41.0,46.83988050986302,44.17095811353675,45.34513362207715,45.34588591948514
2787,82.0,55.162933740420456,81.28860704594045,81.78926930164478,81.78924362173588
5689,62.0,46.83988050986302,64.56608623013616,64.2716764651955,64.26703657410974
9341,69.0,49.614231586715505,66.4011530140277,66.1404541664838,66.13740296230374
9028,60.0,46.83988050986302,58.44754779515634,59.263152147560504,59.26002772891522
1557,37.0,57.93728481727293,37.2346355674833,37.8731711408217,37.87141322207491
1963,30.0,55.162933740420456,29.28103034861194,28.541094523969104,28.541205892230813
6627,48.0,44.065529433010546,49.474186170455006,50.060006655579144,50.05806878816687
8276,53.0,55.162933740420456,53.75518408853124,54.763149767545684,54.763167380249314
9275,71.0,46.83988050986302,75.78340669426584,75.58047705224435,75.57294779897597
1151,61.0,55.162933740420456,56.81445330602115,57.097631858643595,57.09772926930721
1794,63.0,66.26033804783036,66.19423325324723,64.25999926210942,64.25997890114799
3249,31.0,46.83988050986302,27.85485562025721,28.851715788040256,28.856702388014703
1589,80.0,57.93728481727293,81.08416101817204,82.45031574020274,82.4523441226082
5206,44.0,63.48598697097789,44.98379475858625,43.45133554310192,43.446583938527866
3991,52.0,49.614231586715505,53.14431973823808,54.930883564202354,54.930280351380674
378,27.0,52.38858266356798,26.42620715889043,26.657107526961916,26.659499221253583
3591,55.0,49.614231586715505,57.22334536155796,56.59879967299612,56.597376492240464
2581,83.0,63.48598697097789,86.79380739761505,86.1929079031332,86.19904366127128
8727,95.0,66.26033804783036,96.78692542814636,97.61668327251004,97.62734785244886
1504,37.0,66.26033804783036,40.700323107497965,39.17054807324551,39.16173125764358
8622,58.0,60.71163589412541,61.50434327963419,59.904775418278426,59.90482469680216
4233,90.0,63.48598697097789,88.833320209275,89.00677124124047,89.01349449394945
9006,72.0,52.38858266356798,70.27573260957918,71.85532060604054,71.85381267155859
606,45.0,46.83988050986302,47.23022733102666,46.56807418052638,46.56792979822046
8331,39.0,44.065529433010546,37.23710930049536,38.27407619018003,38.276310364553524
2334,74.0,57.93728481727293,77.00513539485216,75.39326736929824,75.39482084035818
2147,31.0,52.38858266356798,34.58425840553019,34.74334104334183,34.744838694067624
6356,38.0,66.26033804783036,39.68056670166799,40.07557808510339,40.06649060347618
7403,67.0,66.26033804783036,67.2139896590772,67.00060151331704,67.00096630578261
4756,43.0,66.26033804783036,39.68056670166799,39.05424267164119,39.044951454783515
5383,72.0,57.93728481727293,71.9063533657023,72.41407070398682,72.41527076538227
9283,91.0,66.26033804783036,95.76716902231638,93.51518547240104,93.52534959729036
9228,61.0,66.26033804783036,60.07569481826741,58.61951647807789,58.61736996672266
8743,55.0,60.71163589412541,50.287022815504514,50.71118929371969,50.70936503618073
9029,72.0,55.162933740420456,70.07128658181077,70.48046871459593,70.48042356649009
4477,40.0,55.162933740420456,38.45883800108167,40.154919165242234,40.15497852985773
1202,30.0,60.71163589412541,30.911651104735064,30.460740170816752,30.455741662815946
6960,58.0,44.065529433010546,56.612481011264805,56.94694570802577,56.94239245337529
1127,72.0,63.48598697097789,70.47770490433552,69.92706411195111,69.92881462848234
3604,25.0,44.065529433010546,21.9407632130458,22.799540581703454,22.807066381180256
9243,53.0,44.065529433010546,53.55321179377489,54.72033221973511,54.717038091834326
6101,73.0,66.26033804783036,74.35228449988699,72.6925654108503,72.69534535411898
1611,93.0,66.26033804783036,93.72765621065645,93.78393770884247,93.79348634992434
8037,44.0,49.614231586715505,43.96651208576834,43.1039767244594,43.10491884967473
3102,46.0,66.26033804783036,51.91764357162764,51.34565366646749,51.34077366888543
5934,39.0,60.71163589412541,37.03018953971489,38.588151880783286,38.58426943607307
4845,70.0,44.065529433010546,73.9483399103743,72.01536115639263,72.00485833567126
7437,25.0,44.065529433010546,22.96051961887577,22.219063228808665,22.2262333826152
6866,65.0,44.065529433010546,64.77053225790458,66.5019433761143,66.49477703472516
8543,56.0,49.614231586715505,55.18383254989802,53.59363410981693,53.59250123136494
7034,31.0,52.38858266356798,33.56450199970023,32.28424713639261,32.28578345751107
2825,64.0,57.93728481727293,65.78781493072248,65.44536233115076,65.44604202550974
8538,50.0,55.162933740420456,48.656402059381385,49.09483196452836,49.09484074642552
831,61.0,49.614231586715505,59.26285817321791,60.85287469249229,60.85120745250342
6263,64.0,46.83988050986302,60.48706060681628,62.459619935811624,62.456032588989196
6321,63.0,57.93728481727293,62.72854571323257,63.54741899160033,63.54790236673152
1323,25.0,55.162933740420456,26.221761131122026,25.6757500723601,25.67586640939298
6759,43.0,52.38858266356798,42.742309652169965,45.11070941619985,45.11160781840315
9043,43.0,60.71163589412541,43.148727974694715,42.8786291026124,42.87574456691425
9772,42.0,49.614231586715505,40.90724286827843,39.67561558433357,39.67712537268293
8480,47.0,46.83988050986302,48.249983736856635,48.64456363733174,48.64419695812927
4436,47.0,57.93728481727293,47.43219962578301,47.87069117135288,47.86980670983277
8656,54.0,44.065529433010546,52.53345538794492,54.51382069894431,54.5107779157217
3304,74.0,63.48598697097789,73.53697412182544,72.84634286496375,72.84902231420405
4672,22.0,44.065529433010546,22.96051961887577,22.165128927405043,22.172158497107567
3297,38.0,44.065529433010546,40.296378517985275,38.91222008671454,38.913237324875844
5794,67.0,55.162933740420456,67.01201736432085,66.42014910807356,66.42020326977246
3285,38.0,60.71163589412541,39.06970235137483,38.73827591226858,38.73450254058203
6736,42.0,49.614231586715505,41.9269992741084,41.66189892195246,41.66329513471321
9402,53.0,44.065529433010546,52.53345538794492,52.28662014386981,52.28342314970784
6284,43.0,49.614231586715505,40.90724286827843,40.82342893476512,40.8249607243753
9957,59.0,63.48598697097789,55.18135881688596,55.957564472966006,55.955586556004754
235,38.0,49.614231586715505,33.76894802746863,33.547112935252834,33.549761802697276
107,83.0,66.26033804783036,80.47082293486682,81.93563614324268,81.94056095694529
6050,74.0,49.614231586715505,77.61847347815737,77.46014474023161,77.45521860073788
2529,49.0,52.38858266356798,47.84109168131982,49.201447614159974,49.202001122574
9053,49.0,57.93728481727293,51.51122524910289,51.45162953086589,51.451019526681506
7930,54.0,46.83988050986302,47.23022733102666,48.438052116540945,48.4378486356415
2225,17.0,44.065529433010546,15.822224778065973,17.83406057877314,17.843726496302814
7621,86.0,55.162933740420456,84.34787626343036,84.80964416054285,84.80977833777641
5764,19.0,46.83988050986302,20.71656077944742,21.181905351685174,21.188573903623805
40,45.0,55.162933740420456,47.63664565355141,47.454881259270465,47.45499581679639
9771,40.0,55.162933740420456,41.518107218571586,41.46806584287795,41.46800127022296
7409,80.0,52.38858266356798,79.4535402620489,79.77635117976635,79.77399977915461
5457,68.0,60.71163589412541,67.62288171461401,68.00680529716105,68.00817661475465
1482,80.0,49.614231586715505,77.61847347815737,78.42754585229018,78.42268286392292
5495,81.0,66.26033804783036,76.39179731154694,76.18143153005879,76.18501050308868
6474,18.0,44.065529433010546,16.84198118389594,17.896431678973826,17.90572624265414
2995,43.0,46.83988050986302,42.13144530187681,42.48822596926521,42.48935276124238
4106,41.0,57.93728481727293,42.333417596633154,41.96390933878182,41.962687989997136
2821,56.0,57.93728481727293,54.570494466592805,55.056801051678676,55.05667116113503
4450,85.0,60.71163589412541,81.89947139623361,81.92482382264441,81.9284886704444
3858,39.0,46.83988050986302,38.05241967855692,38.647043606800565,38.649329325376925
2545,74.0,52.38858266356798,74.35475823289906,73.8695693471953,73.86776252307035
1289,18.0,46.83988050986302,16.637535156127534,18.217917982092622,18.225829186689715
7013,21.0,44.065529433010546,20.921006807215825,22.163262806286994,22.171148958982748
968,43.0,49.614231586715505,41.9269992741084,42.13470949128279,42.13609246286433
599,47.0,66.26033804783036,49.878130759967696,47.85678754725901,47.85110851991573
9800,60.0,55.162933740420456,62.932991741000976,61.680507411430064,61.68057288329051
2048,50.0,49.614231586715505,53.14431973823808,51.22719950995609,51.22655333528463
9304,69.0,63.48598697097789,68.43819209267558,68.09149187260135,68.09276286243059
5093,72.0,46.83988050986302,71.70438107094596,72.4075249739591,72.40093296333156
1286,90.0,63.48598697097789,88.833320209275,88.84085084725245,88.84736445730537
346,18.0,44.065529433010546,13.782711966406026,15.695200021767086,15.70554773641782
1886,61.0,46.83988050986302,64.56608623013616,64.70144271982116,64.69669382019461
7413,57.0,57.93728481727293,55.59025087242277,54.86304563870487,54.86279605846429
4405,76.0,60.71163589412541,74.76117655542382,74.11764546262103,74.12004405648257
1099,73.0,55.162933740420456,73.13055579930068,73.53711539127686,73.53706894127664
1481,67.0,57.93728481727293,67.82732774238242,67.91966553381886,67.92066857085615
3530,98.0,66.26033804783036,96.78692542814636,96.212743408904,96.22319691985874
7565,75.0,57.93728481727293,77.00513539485216,77.216083500831,77.21769421559179
6118,36.0,60.71163589412541,38.04994594554486,36.6146246509814,36.61074918661011
4325,86.0,57.93728481727293,86.1829430473219,86.49800962345817,86.50047880846418
3987,64.0,55.162933740420456,67.01201736432085,64.78863520161273,64.78863578648756
7903,67.0,49.614231586715505,64.36164020236777,64.36970621523665,64.36724234895239
5207,45.0,49.614231586715505,42.94675567993837,45.31596798381503,45.317143038774404
1674,28.0,44.065529433010546,25.000032430535704,26.281836023232913,26.288405865428864
6481,63.0,44.065529433010546,65.79028866373454,65.50670724506993,65.4991269736378
3828,45.0,57.93728481727293,46.41244321995303,46.08660004550487,46.0856132040672
9969,41.0,60.71163589412541,39.06970235137483,40.76328425557221,40.759616611205765
8316,50.0,63.48598697097789,51.10233319356608,49.56462889646378,49.56146132285349
9215,71.0,44.065529433010546,73.9483399103743,72.63642963609021,72.62582147370487
7818,28.0,46.83988050986302,29.894368431917155,28.27967523394253,28.283970543043612
2510,61.0,44.065529433010546,59.67175022875472,58.70752112390791,58.701978910085344
3582,32.0,49.614231586715505,34.788704433298605,33.89099237971193,33.89342927800128
5260,36.0,52.38858266356798,33.56450199970023,35.17556048586937,35.17724144362478
717,36.0,66.26033804783036,36.62129748417808,36.546120839092126,36.53599014403683
9725,32.0,60.71163589412541,34.99067672805495,33.70623588466772,33.7017407434552
8013,12.0,44.065529433010546,15.822224778065973,16.256480973715938,16.266233898525563
2877,56.0,46.83988050986302,57.427791389326366,55.991687535841784,55.98887975512662
9004,68.0,63.48598697097789,65.37892287518567,66.14638672856911,66.14704886321411
5133,25.0,52.38858266356798,25.406450753060458,25.345826970444246,25.348279336389407
6041,21.0,52.38858266356798,22.34718153557055,23.155485299936448,23.158242316218228
7949,68.0,46.83988050986302,67.62535544762608,68.52329829678979,68.51776944539985
9336,53.0,60.71163589412541,53.34629203299443,53.49721761284116,53.49598265645711
8313,38.0,52.38858266356798,41.72255324634,41.29071996034927,41.291541731322724
7370,84.0,57.93728481727293,87.20269945315187,86.358188511888,86.36067859130108
111,38.0,52.38858266356798,38.663284028850086,39.40366660749778,39.40486575423673
358,62.0,57.93728481727293,57.62976368408271,56.853648285343674,56.85369047221819
2595,16.0,46.83988050986302,18.67704796778748,19.4795835462266,19.486905520393627
3229,78.0,52.38858266356798,76.394271044559,74.73774047448647,74.73564485493597
1713,20.0,52.38858266356798,22.34718153557055,22.70805656169002,22.71062084337175
1091,27.0,55.162933740420456,25.202004725292053,26.13335134597156,26.133356867879648
6076,41.0,57.93728481727293,42.333417596633154,41.772607113709896,41.771382098048406
4671,43.0,49.614231586715505,38.867730056618484,40.7567385255445,40.758588911800906
5317,79.0,66.26033804783036,80.47082293486682,79.23562501883782,79.2404088627803
5528,65.0,63.48598697097789,65.37892287518567,66.61919729789945,66.61984619136524
9131,37.0,66.26033804783036,36.62129748417808,36.242832521435815,36.232629100951655
5887,84.0,52.38858266356798,82.51280947953882,81.67429451931679,81.671610559682
8117,72.0,57.93728481727293,70.88659695987234,71.55021888571557,71.55149606061431
4220,54.0,44.065529433010546,53.55321179377489,53.800092912158355,53.796619290836716
9277,63.0,52.38858266356798,62.11768136293941,61.339694322815255,61.338877737340574
6233,43.0,57.93728481727293,43.35317400246312,43.455602133672464,43.45445525611892
9917,81.0,52.38858266356798,81.49305307370885,83.4456295373478,83.44315455288026
2813,59.0,55.162933740420456,60.89347892934103,58.675341848250866,58.675345036914436
2197,77.0,60.71163589412541,74.76117655542382,75.46765102482345,75.47012010356505
5805,52.0,57.93728481727293,53.55073806076283,51.146605476641604,51.14624323705066
2930,51.0,63.48598697097789,50.08257678773611,52.440732950221665,52.43734800017732
9071,76.0,55.162933740420456,76.18982501679059,74.4422757876848,74.44230404243977
4505,63.0,49.614231586715505,59.26285817321791,60.278968017276526,60.27728977665723
7066,61.0,46.83988050986302,58.44754779515634,58.86965771071771,58.86648114157637
579,81.0,46.83988050986302,76.80316310009582,76.54542497640104,76.53749026593844
4269,73.0,57.93728481727293,71.9063533657023,71.70279610510275,71.704122083095
1932,66.0,66.26033804783036,62.11520762992735,64.2707588642583,64.26938019275718
8501,38.0,52.38858266356798,39.68304043468005,39.25295550922865,39.25395444088196
9303,38.0,46.83988050986302,38.05241967855692,36.96159539893611,36.963686956584404
2498,36.0,44.065529433010546,37.23710930049536,37.98167785922267,37.98388412490973
3266,78.0,57.93728481727293,80.06440461234207,78.83251849612303,78.83434243816761
5518,52.0,66.26033804783036,46.81886154247779,47.92991824960858,47.923214728877376
2371,26.0,49.614231586715505,22.551627563338954,22.238312348203984,22.242880967704522
5325,22.0,44.065529433010546,21.9407632130458,22.943681002293566,22.95132681094156
6651,44.0,60.71163589412541,42.12897156886474,42.624955777339785,42.62191005036337
3153,55.0,66.26033804783036,48.85837435413773,49.877476581542716,49.87149793881585
1077,99.0,66.26033804783036,95.76716902231638,97.89387230774852,97.90411463692764
3679,41.0,66.26033804783036,38.66081029583802,40.544069345413796,40.53456327990369
2633,53.0,66.26033804783036,51.91764357162764,52.54062882138085,52.535654482765224
6817,52.0,55.162933740420456,51.7156712768713,49.50540181820808,49.50540891255474
7925,60.0,52.38858266356798,57.018899333789555,57.0322720686993,57.03200268591635
2841,34.0,60.71163589412541,33.97092032222498,33.65475477116598,33.650146922294425
6025,73.0,49.614231586715505,75.57896066649744,76.91652627190354,76.91214407989119
1131,59.0,63.48598697097789,56.201115222715934,56.29055393072616,56.288759959743054
4995,44.0,60.71163589412541,44.16848438052469,44.215291490213986,44.21240474620848
2043,42.0,66.26033804783036,39.68056670166799,38.581432102310856,38.572154126632384
4722,60.0,57.93728481727293,61.7087893074026,60.301336210965516,60.30157766274701
8859,73.0,44.065529433010546,73.9483399103743,74.5603418735084,74.54981519663355
887,28.0,57.93728481727293,30.096340726673503,30.650789442713045,30.64843811202662
3336,24.0,52.38858266356798,23.36693794140052,22.770427661890714,22.772885028848492
8817,71.0,57.93728481727293,69.86684055404237,69.40890514080762,69.40986662625592
2083,67.0,52.38858266356798,67.21646339208927,68.22476725414384,68.22351406005126
5371,37.0,46.83988050986302,38.05241967855692,38.08402691828374,38.08634645297214
861,42.0,55.162933740420456,40.49835081274162,40.22160957446286,40.221702927932675
7141,46.0,44.065529433010546,45.39516054713513,46.085573859223345,46.08507231148206
5988,50.0,49.614231586715505,51.104806926578135,49.38073728390739,49.380448229542864
3565,24.0,44.065529433010546,23.980276024705738,23.057533215995996,23.064391500202824
2198,31.0,52.38858266356798,30.505232782210314,31.736309359044583,31.738248724066175
8901,63.0,57.93728481727293,61.7087893074026,61.51397384949964,61.514422703388405
664,77.0,49.614231586715505,76.5987170723274,76.97889737210421,76.9743201189928
1849,66.0,60.71163589412541,62.524099685464165,63.29499861950335,63.295497976923116
2970,81.0,63.48598697097789,78.63575615097528,78.3342484296081,78.33830005514758
4987,48.0,49.614231586715505,49.065294114918196,48.63904409358556,48.63903839342723
6954,82.0,66.26033804783036,78.43131012320688,79.7967755862366,79.80097185505808
2857,41.0,49.614231586715505,44.98626849159831,44.52724337356146,44.528105739300216
3365,61.0,55.162933740420456,59.87372252351106,60.29164645899282,60.29160565053487
3936,29.0,44.065529433010546,28.05930164802562,28.90194394836637,28.90730681430868
6996,82.0,60.71163589412541,82.91922780206357,82.31174758180819,82.31564881331519
3954,85.0,55.162933740420456,85.36763266926033,84.46763083720178,84.46764927884806
9023,64.0,49.614231586715505,65.38139660819773,64.90488788476766,64.90221571620512
2504,34.0,52.38858266356798,30.505232782210314,29.461946999488276,29.4638484958649
6690,21.0,49.614231586715505,20.512114751679015,18.814270517098088,18.819283264185508
9803,60.0,46.83988050986302,59.467304200986305,59.88853993627802,59.88509849404648
7435,29.0,46.83988050986302,32.95363764940707,32.88851968459676,32.89213934292654
3035,36.0,46.83988050986302,33.97339405523704,34.57151470455932,34.5748599154965
7244,34.0,63.48598697097789,33.76647429445657,33.88603495509828,33.87847768732385
6961,73.0,63.48598697097789,77.61599974514532,75.8103302345563,75.81388254414146
1302,66.0,49.614231586715505,70.48017863734759,70.07861514505676,70.07499395124363
8672,75.0,52.38858266356798,70.27573260957918,70.68572728221109,70.68410771298343
4720,82.0,57.93728481727293,82.10391742400202,82.11919240356063,82.12123801349637
2136,77.0,49.614231586715505,74.55920426066747,73.5263030706786,73.52182338527078
5870,70.0,52.38858266356798,70.27573260957918,68.72554322701004,68.72400333130872
6181,75.0,49.614231586715505,75.57896066649744,75.76871292147197,75.76430872819881
4046,39.0,46.83988050986302,42.13144530187681,39.74105304037856,39.74215520488998
3288,30.0,52.38858266356798,31.524989188040287,32.41563144916573,32.41757066745535
2932,62.0,63.48598697097789,61.29989725186579,60.13605560221073,60.135535413960305
5597,43.0,63.48598697097789,43.96403835275628,44.36725554165875,44.362366234176996
4426,71.0,66.26033804783036,71.29301528239708,71.95332540843037,71.95518253309828
9397,47.0,66.26033804783036,49.878130759967696,48.14918587821638,48.14353475955952
2558,55.0,55.162933740420456,50.695914871041325,53.05650865306717,53.05659805254524
489,43.0,49.614231586715505,43.96651208576834,44.80443240879994,44.80540140202982
5376,73.0,49.614231586715505,68.44066582568765,68.27931472348988,68.27593430768928
1235,84.0,60.71163589412541,91.07727904870335,89.2610577344555,89.26620325088157
4896,28.0,44.065529433010546,28.05930164802562,29.194342279323727,29.199733053952468
4281,29.0,55.162933740420456,29.28103034861194,28.631300643155594,28.631391436484485
6586,73.0,55.162933740420456,72.11079939347071,73.2041259335167,73.20415997666376
9676,56.0,46.83988050986302,56.4080349834964,55.68407990916555,55.68141108494379
2410,66.0,55.162933740420456,65.99226095849089,65.83103313713892,65.83097872426181
2983,97.0,63.48598697097789,93.93210223842485,95.28526753725643,95.29317165799254
9183,72.0,49.614231586715505,73.5394478548375,71.93351416990251,71.92920021057935
5530,45.0,55.162933740420456,48.656402059381385,47.69766459784413,47.6977192371556
460,56.0,49.614231586715505,56.203588955727994,55.25124729869559,55.2501340950054
2421,65.0,55.162933740420456,62.932991741000976,62.16420796745935,62.16430501488303
6876,45.0,49.614231586715505,48.04553770908822,48.06759060627168,48.06795436742847
3315,64.0,55.162933740420456,65.99226095849089,66.37955798127078,66.37972054480335
7997,69.0,55.162933740420456,72.11079939347071,73.77803260873247,73.77807765250995
8279,40.0,63.48598697097789,38.86525632360643,38.251509000395004,38.245095931879646
7076,51.0,63.48598697097789,53.14184600522602,53.291959045225994,53.289301533209056
7175,47.0,60.71163589412541,45.188240786354655,44.804407461148635,44.80180558446939
7145,41.0,52.38858266356798,40.702796840510025,39.889233284645115,39.89013630220489
3889,82.0,52.38858266356798,79.4535402620489,81.30676898034174,81.30444691474443
7760,79.0,57.93728481727293,82.10391742400202,81.35398350327293,81.35601444570145
1185,78.0,49.614231586715505,77.61847347815737,77.74165308449003,77.73671003694028
2341,55.0,57.93728481727293,52.53098165493286,51.42379451188009,51.42327446065485
9742,49.0,57.93728481727293,49.471712437442946,48.12868380564542,48.128013292606724
1771,36.0,55.162933740420456,37.43908159525171,39.13603693968193,39.13609673826221
6472,62.0,57.93728481727293,62.72854571323257,63.00566664439029,63.00618996951019
4692,45.0,60.71163589412541,45.188240786354655,46.201574827832864,46.19892709373931
9022,55.0,60.71163589412541,55.385804844654366,54.93929541534811,54.93831154241974
7803,45.0,57.93728481727293,42.333417596633154,43.021516570026876,43.020337797435836
2214,35.0,52.38858266356798,34.58425840553019,32.389662551297974,32.39118772505407
588,72.0,55.162933740420456,72.11079939347071,73.15696412903489,73.15711451447633
7016,58.0,60.71163589412541,59.46483046797425,59.653555280907696,59.653471244598144
20,71.0,44.065529433010546,73.9483399103743,72.7266357552767,72.71600701795855
3107,96.0,66.26033804783036,95.76716902231638,95.66667175267403,95.6767598709138
6510,73.0,57.93728481727293,70.88659695987234,69.71651276748386,69.71768788193931
9956,62.0,52.38858266356798,63.13743776876938,63.95793612683067,63.95703358722099
6544,27.0,46.83988050986302,27.85485562025721,27.4006141199524,27.405505993237156
8462,56.0,63.48598697097789,55.18135881688596,56.66883907185008,56.66673523829203
8472,77.0,60.71163589412541,75.78093296125378,76.57673936957025,76.57936373216452
9479,48.0,46.83988050986302,50.289496548516574,48.85951195691961,48.85855828783587
7291,58.0,57.93728481727293,54.570494466592805,55.284375094533466,55.28408771182979
3332,84.0,57.93728481727293,82.10391742400202,83.67139017753392,83.67355475596896
9590,95.0,63.48598697097789,90.87283302093493,92.00104681772072,92.00831641513497
5492,28.0,49.614231586715505,33.76894802746863,32.97320626003706,32.975844126851094
5494,81.0,63.48598697097789,81.6950253684652,82.34740623164865,82.35226820705404
8890,24.0,49.614231586715505,25.610896780828867,25.002560693927553,25.00657122459647
4926,41.0,60.71163589412541,42.12897156886474,43.33623037622385,43.33305873265064
2923,82.0,57.93728481727293,84.14343023566195,83.34458614991175,83.34690885945534
7390,75.0,52.38858266356798,75.37451463872902,76.74753952207121,76.74554020227038
6849,42.0,63.48598697097789,43.96403835275628,43.15461790312463,43.149521193535605
7486,21.0,44.065529433010546,21.9407632130458,19.568667096787514,19.57613669323534
6908,50.0,49.614231586715505,52.12456333240811,50.78222395961155,50.78176551228557
44,71.0,63.48598697097789,71.49746131016549,71.4296468935407,71.4316929907958
7573,44.0,52.38858266356798,44.781822463829904,44.603493150204706,44.60423824788163
25,49.0,60.71163589412541,53.34629203299443,53.778725957099574,53.77747409265951
1062,70.0,57.93728481727293,72.92610977153228,73.34274681036064,73.34405515909927
4177,76.0,55.162933740420456,74.15031220513066,73.37191244862275,73.37200472243376
3513,41.0,52.38858266356798,41.72255324634,42.258121072407846,42.25900599450776
2663,30.0,46.83988050986302,27.85485562025721,25.47670188253421,25.48151227030848
391,70.0,52.38858266356798,70.27573260957918,71.13315602045752,71.13172918582993
6834,80.0,60.71163589412541,79.85995858457366,79.11096048453715,79.1142141305165
7986,55.0,60.71163589412541,56.40556125048434,58.27558431516941,58.274909937033065
8876,62.0,44.065529433010546,61.71126304041466,61.37724404142506,61.370935263750276
9898,67.0,63.48598697097789,66.39867928101563,66.43633187162459,66.43708218488617
3158,80.0,55.162933740420456,77.20958142262057,78.01702871705984,78.01707749843897
8628,46.0,66.26033804783036,45.79910513664782,45.66212656773129,45.65502465239387
9572,73.0,66.26033804783036,74.35228449988699,73.94147486716729,73.94430105350641
9705,49.0,66.26033804783036,46.81886154247779,47.39905588909748,47.39243713509743
3207,34.0,44.065529433010546,33.158083677175476,34.342687708528906,34.34645396993495
4470,48.0,66.26033804783036,49.878130759967696,49.7806997846772,49.77510224284441
8715,60.0,49.614231586715505,57.22334536155796,59.0064124664436,59.00510234676165
1538,68.0,55.162933740420456,67.01201736432085,66.27600868748345,66.27594284001114
875,56.0,63.48598697097789,55.18135881688596,56.43037504229635,56.42838388415588
8854,81.0,63.48598697097789,81.6950253684652,82.2463101257632,82.25114785935897
9173,32.0,55.162933740420456,32.34029956610185,30.821642313663393,30.821692895781073
2274,31.0,60.71163589412541,33.97092032222498,33.416290741612244,33.41179556815828
5882,41.0,60.71163589412541,39.06970235137483,38.82848203145507,38.8246880848357
7070,29.0,46.83988050986302,24.795586402767302,26.560278011647025,26.566073898399296
1427,27.0,55.162933740420456,27.241517536951996,27.21460467173256,27.214590991327054
2158,27.0,52.38858266356798,27.4459635647204,28.34010254692449,28.34239608657382
3667,46.0,57.93728481727293,43.35317400246312,44.66146727528477,44.660270873440105
5785,34.0,57.93728481727293,32.13585353833345,30.4250815209763,30.42291256320805
2699,54.0,49.614231586715505,57.22334536155796,56.11509911696684,56.113644360647946
9135,31.0,55.162933740420456,34.379812377761795,34.447876356540164,34.44788388019076
5813,76.0,63.48598697097789,76.59624333931535,77.06169287877516,77.06523116150062
727,74.0,44.065529433010546,72.92858350454433,73.6856000685382,73.67554642029988
590,52.0,49.614231586715505,47.025781303258256,48.33388965481121,48.33431522671668
2067,42.0,63.48598697097789,40.90476913526637,41.97472165938008,41.969030762114045
8025,69.0,57.93728481727293,66.80757133655246,66.55445067589757,66.55519750773406
7558,57.0,46.83988050986302,52.329009360176514,54.0700981017754,54.06874241509219
9605,65.0,66.26033804783036,65.17447684741727,64.4900264928661,64.48970022343934
3225,80.0,57.93728481727293,80.06440461234207,80.28362016421087,80.28553883294515
136,41.0,57.93728481727293,42.333417596633154,41.87370321959533,41.872502445743464
1502,31.0,55.162933740420456,32.34029956610185,32.59052414379252,32.59049138550705
9878,58.0,46.83988050986302,52.329009360176514,53.14985879419864,53.14832361409458
2959,71.0,52.38858266356798,73.33500182706909,73.12130547919445,73.11952551061098
4789,50.0,66.26033804783036,50.89788716579767,50.70937589105103,50.704151075686816
4474,61.0,49.614231586715505,59.26285817321791,59.5568034316935,59.55520629092856
3545,71.0,66.26033804783036,70.27325887656711,69.30292927640923,69.30438067271731
3639,25.0,55.162933740420456,29.28103034861194,28.667572460938455,28.667502095230518
1912,58.0,66.26033804783036,60.07569481826741,59.72428551380476,59.72206523634879
5156,52.0,44.065529433010546,51.513698982114946,51.523864431484,51.521209524510624
6247,25.0,57.93728481727293,28.05682791501356,27.598462075052037,27.595988510712843
1690,45.0,49.614231586715505,48.04553770908822,47.179505626700646,47.17974084505571
5649,59.0,63.48598697097789,57.2208716285459,58.08553504327312,58.084064561700295
6376,44.0,57.93728481727293,42.333417596633154,41.27801657098166,41.2767151630145
2818,36.0,44.065529433010546,36.21735289466539,37.05300175284885,37.05554046306843
4374,51.0,44.065529433010546,51.513698982114946,52.39016943765713,52.3875534400006
5716,51.0,63.48598697097789,54.16160241105599,52.81257779821664,52.810205906965024
8155,48.0,46.83988050986302,48.249983736856635,47.586956406086685,47.58654715069057
1935,46.0,46.83988050986302,44.17095811353675,44.28752639083209,44.28823611204645
2519,50.0,49.614231586715505,52.12456333240811,51.36702062152627,51.36661799157314
1875,46.0,46.83988050986302,49.2697401426866,49.50841545560299,49.50761907739668
8454,59.0,66.26033804783036,58.03618200660747,58.42634813188792,58.42364419464691
2230,76.0,60.71163589412541,75.78093296125378,76.04587700905915,76.04858613838458
6509,91.0,66.26033804783036,87.60911777567662,87.19783378615028,87.20528275919676
7515,49.0,60.71163589412541,50.287022815504514,51.588384286591776,51.586643755112085
899,62.0,55.162933740420456,60.89347892934103,61.476449078541144,61.47661747877447
9069,82.0,52.38858266356798,82.51280947953882,81.86559674438871,81.86291645163072
6988,54.0,57.93728481727293,53.55073806076283,54.80312772640606,54.80292479095928
8198,72.0,66.26033804783036,77.4115537173769,75.98767611708497,75.99139983954335
3965,40.0,63.48598697097789,39.8850127294364,38.4580205211858,38.45197313261824
6805,26.0,46.83988050986302,24.795586402767302,23.423728135694713,23.429235134829227
9323,30.0,46.83988050986302,29.894368431917155,29.47465038885589,29.478851356923403
8053,35.0,52.38858266356798,38.663284028850086,38.05366104529537,38.05478970715424
694,63.0,60.71163589412541,63.54385609129413,62.32514431954289,62.32555264939121
6993,94.0,66.26033804783036,92.70789980482647,91.75461005651891,91.76364762757699
4256,37.0,57.93728481727293,35.19512275582336,36.12780502065844,36.125899585777375
1555,28.0,46.83988050986302,27.85485562025721,29.616924688327956,29.621925955809616
7991,55.0,60.71163589412541,52.32653562716445,53.0952863772013,53.09398233002374
1583,37.0,55.162933740420456,32.34029956610185,32.36295010093773,32.363074834812295
9050,76.0,49.614231586715505,71.49993504317756,70.90619514554514,70.90239355814015
3357,55.0,66.26033804783036,52.937399977457616,54.52691215899973,54.52235312304634
9321,38.0,57.93728481727293,37.2346355674833,38.255775590965555,38.254025005972366
2300,63.0,66.26033804783036,61.09545122409738,63.25187663869798,63.250145815661114
6893,92.0,63.48598697097789,93.93210223842485,92.59614639955055,92.60395436726895
4698,73.0,49.614231586715505,71.49993504317756,73.1696675184025,73.16585898290003
9610,32.0,52.38858266356798,30.505232782210314,30.75801826028707,30.75984965743975
9477,93.0,63.48598697097789,92.91234583259488,93.60227251729387,93.60992220717176
566,48.0,55.162933740420456,44.5773764360615,45.88560806846025,45.88565749553341
858,79.0,57.93728481727293,80.06440461234207,78.02014779135352,78.02207340818528
2578,34.0,49.614231586715505,30.70967880997872,30.544400559975525,30.54772019166918
2676,84.0,66.26033804783036,85.56960496401668,86.25394838405757,86.26057447118936
9075,34.0,46.83988050986302,30.914124837747124,30.7496591275907,30.753784290291264
4347,82.0,55.162933740420456,84.34787626343036,84.04443526025514,84.0445547699815
1865,89.0,60.71163589412541,91.07727904870335,90.09109092284577,90.09643650762551
1512,39.0,55.162933740420456,40.49835081274162,39.68397471702994,39.683895910832526
8106,79.0,60.71163589412541,78.8402021787437,79.35187770199276,79.35504654899952
6216,54.0,60.71163589412541,55.385804844654366,55.051281507932494,55.05036669355619
1579,81.0,57.93728481727293,81.08416101817204,82.55141184608817,82.55346447030325
753,74.0,55.162933740420456,73.13055579930068,73.63821149716229,73.6381892889717
9236,69.0,52.38858266356798,72.31524542123911,71.0017717076844,70.99994197588565
5814,76.0,60.71163589412541,75.78093296125378,75.50824215162623,75.51077912128443
8070,57.0,46.83988050986302,58.44754779515634,59.555550478517866,59.55245396855901
7661,78.0,52.38858266356798,78.43378385621895,78.36397451736325,78.36165954659538
1606,68.0,52.38858266356798,66.1967069862593,65.7185115427128,65.71741336130728
3459,49.0,57.93728481727293,48.45195603161298,49.080875621985115,49.08008253975216
824,92.0,66.26033804783036,89.64863058733656,91.00448006740002,91.0125500031149
3302,22.0,46.83988050986302,22.75607359110736,22.992095759951013,22.998392057869253
4753,82.0,60.71163589412541,82.91922780206357,83.29003868056571,83.29404787994162
9997,74.0,57.93728481727293,71.9063533657023,72.99886736590153,73.00012324466985
1361,42.0,60.71163589412541,42.12897156886474,42.05104910212401,42.04799237451718
5123,75.0,46.83988050986302,75.78340669426584,74.36783941371023,74.36010275833458
7754,86.0,57.93728481727293,88.22245585898185,88.38751616421155,88.39025287452301
4804,74.0,66.26033804783036,72.31277168822706,73.19978167684546,73.20183346088912
9196,50.0,44.065529433010546,49.474186170455006,50.35240498653651,50.35049502781066
2258,74.0,49.614231586715505,75.57896066649744,75.50169642159854,75.49705834385968
4413,66.0,57.93728481727293,66.80757133655246,67.09208553333048,67.09300452483421
7345,47.0,60.71163589412541,48.247510003844575,47.04191093613824,47.03968138420424
1532,29.0,49.614231586715505,30.70967880997872,28.949158471297558,28.952263367130325
1573,23.0,44.065529433010546,23.980276024705738,24.725318940239692,24.73206964223375
1455,28.0,57.93728481727293,28.05682791501356,28.01733834297875,28.014710953356328
4868,53.0,52.38858266356798,50.90036089880973,50.179151646133654,50.17919310210378
960,84.0,57.93728481727293,82.10391742400202,81.79052225482042,81.79270111510655
9935,40.0,66.26033804783036,38.66081029583802,38.72125321388104,38.711689904670074
688,37.0,63.48598697097789,38.86525632360643,38.00215498414232,37.9958097743021
2955,35.0,52.38858266356798,34.58425840553019,33.25596755747111,33.25753164054404
7915,26.0,44.065529433010546,28.05930164802562,27.55193838616395,27.557230767226194
698,38.0,49.614231586715505,39.88748646244846,39.27780183847085,39.27938301187129
6197,17.0,49.614231586715505,19.49235834584904,17.604086066465847,17.609271873391535
4123,44.0,63.48598697097789,44.98379475858625,45.624601796772794,45.61986381903408
8205,78.0,66.26033804783036,78.43131012320688,78.60180043132326,78.60609104117827
4198,67.0,46.83988050986302,66.6055990417961,65.64532812191386,65.6401680589501
6587,52.0,46.83988050986302,52.329009360176514,53.87879587670348,53.87743652314346
4244,32.0,49.614231586715505,34.788704433298605,34.04602278700099,34.048624511203975
306,69.0,60.71163589412541,70.68215093210392,68.746045299581,68.74781055752452
259,75.0,57.93728481727293,74.96562258319221,74.6946184936811,74.69602220805795
3920,43.0,57.93728481727293,38.254391973313275,37.64314391006503,37.641427460658136
3918,36.0,46.83988050986302,34.99315046106701,34.38864927828446,34.391567030766595
561,65.0,55.162933740420456,65.99226095849089,64.96472813096578,64.96463480877183
7635,25.0,44.065529433010546,22.96051961887577,23.77126100278196,23.778550125087804
2503,91.0,57.93728481727293,88.22245585898185,87.4672768566348,87.4698340735254
1140,70.0,46.83988050986302,67.62535544762608,68.9707270350362,68.96539091824633
7417,87.0,60.71163589412541,83.93898420789355,84.00563258846971,84.00974492120224
6457,40.0,52.38858266356798,41.72255324634,40.96204981160905,40.96300483293291
197,78.0,60.71163589412541,80.87971499040364,80.17288702480214,80.17641229692855
8623,45.0,60.71163589412541,46.20799719218463,44.86677856134932,44.86433420907155
7309,79.0,57.93728481727293,77.00513539485216,76.93457515657259,76.93620277938939
9718,30.0,49.614231586715505,30.70967880997872,30.4904662585719,30.493645306161543
380,46.0,55.162933740420456,47.63664565355141,47.6933452888242,47.69334717093254
200,29.0,44.065529433010546,30.098814459685563,29.488606731399134,29.493168831721068
4826,81.0,52.38858266356798,79.4535402620489,80.45135396086755,80.44903780269586
7982,34.0,44.065529433010546,35.197596488835416,36.60802620250431,36.61092893281965
8470,43.0,44.065529433010546,43.35564773547519,42.60759772671382,42.60775230795596
4554,37.0,66.26033804783036,38.66081029583802,39.87995655101154,39.87046005980383
7421,49.0,63.48598697097789,50.08257678773611,49.60335390214853,49.59996489957125
1546,76.0,55.162933740420456,75.17006861096063,75.92121247475846,75.92133364961911
4770,30.0,52.38858266356798,30.505232782210314,29.317806578898157,29.319588066103595
4275,54.0,55.162933740420456,52.735427682701264,54.47320462449021,54.473398497702675
3674,37.0,55.162933740420456,36.41932518942173,37.250849707948475,37.250871031176715
5359,66.0,49.614231586715505,65.38139660819773,64.45745914652124,64.45459424335864
3540,22.0,44.065529433010546,23.980276024705738,22.754244898339685,22.76103045711765
3627,63.0,44.065529433010546,63.7507758520746,64.3715196179053,64.36452313568387
7973,22.0,46.83988050986302,20.71656077944742,20.279328527729177,20.286119329387795
9792,36.0,63.48598697097789,36.825743511946484,36.506142880231735,36.49922971008156
9522,71.0,52.38858266356798,72.31524542123911,72.20351935951958,72.20185221308566
9325,55.0,60.71163589412541,56.40556125048434,54.95450471106699,54.95379470483447
1887,65.0,60.71163589412541,61.50434327963419,63.27978932378447,63.280014814508384
1454,69.0,52.38858266356798,65.17695058042932,65.08223376729634,65.08123149998436
2394,57.0,66.26033804783036,57.016425600777495,56.04657035742624,56.04339896702696
8837,63.0,63.48598697097789,64.3591664693557,62.810097828747814,62.81036232222566
7528,62.0,63.48598697097789,61.29989725186579,60.0821213008071,60.081460528452666
4696,60.0,49.614231586715505,65.38139660819773,63.93748677270909,63.934751453020084
7789,61.0,44.065529433010546,60.691506634584684,60.93226849108052,60.9263237335015
4980,25.0,49.614231586715505,25.610896780828867,26.554758467900847,26.55888796706908
1852,48.0,57.93728481727293,44.372930408293094,44.575580465118215,44.574545541784644
3799,65.0,52.38858266356798,67.21646339208927,65.95040489458752,65.94911383184998
3392,26.0,55.162933740420456,25.202004725292053,24.555771740914352,24.555864270102397
5711,59.0,63.48598697097789,60.28014084603581,59.70197003856514,59.70124166252694
7685,41.0,55.162933740420456,43.55762003023153,42.32174512578417,42.3218188429756
4176,56.0,57.93728481727293,55.59025087242277,54.433279384079206,54.43313881237941
2312,41.0,66.26033804783036,43.75959232498788,42.22719474992644,42.2194343889318
5956,66.0,44.065529433010546,68.84955788122446,69.75832907666421,69.7495954058025
8931,28.0,44.065529433010546,32.1383272713455,31.91986561936255,31.923773831249857
9990,40.0,66.26033804783036,39.68056670166799,39.501671409887614,39.49257292762999
2763,26.0,49.614231586715505,23.571383969168927,23.932197354865504,23.936624490091017
1443,75.0,57.93728481727293,74.96562258319221,74.37683833163982,74.37842011310953
9630,44.0,66.26033804783036,40.700323107497965,42.58183379653442,42.57303203409584
3793,42.0,66.26033804783036,41.72007951332793,42.44201268496423,42.43349625605815
7226,72.0,52.38858266356798,72.31524542123911,71.86807671385753,71.86628589137563
1499,67.0,46.83988050986302,66.6055990417961,67.37793813426012,67.37285588993004
8244,78.0,66.26033804783036,78.43131012320688,79.95180599352567,79.95616708826077
8828,79.0,63.48598697097789,81.6950253684652,79.26479065709995,79.26950432899159
4112,19.0,44.065529433010546,22.96051961887577,20.587549322347833,20.594665899330316
4135,72.0,46.83988050986302,72.72413747677594,73.33620108033293,73.32936477154799
8651,50.0,60.71163589412541,48.247510003844575,50.60822706671621,50.6061773938592
9182,60.0,60.71163589412541,61.50434327963419,61.153684874595406,61.15378039618959
7008,72.0,63.48598697097789,67.41843568684561,67.63562633555787,67.63659950411444
524,34.0,55.162933740420456,36.41932518942173,37.214577890165614,37.21476037243068
5092,31.0,44.065529433010546,29.07905805385559,30.303430624070526,30.308447804301107
3082,41.0,44.065529433010546,41.31613492381524,41.919838837795616,41.920769942848516
613,40.0,46.83988050986302,42.13144530187681,43.545833200510266,43.54700256868109
2622,23.0,44.065529433010546,20.921006807215825,22.636073375617336,22.643946287133872
1791,53.0,49.614231586715505,52.12456333240811,50.298523403582266,50.298033380693056
7797,26.0,49.614231586715505,25.610896780828867,25.449989432173975,25.454192697442952
7856,67.0,44.065529433010546,71.90882709871437,70.0678028244585,70.057985467735
23,57.0,44.065529433010546,59.67175022875472,58.89882334897983,58.893284802034074
410,56.0,46.83988050986302,53.34876576600649,54.51507365211994,54.51344209171611
5777,57.0,55.162933740420456,54.77494049436121,54.96966128833648,54.9697801418625
1727,29.0,46.83988050986302,27.85485562025721,26.772773143333005,26.77751343188333
1399,23.0,44.065529433010546,18.881493995555886,18.818537107668632,18.82715458177657
4398,83.0,66.26033804783036,80.47082293486682,81.31456766354509,81.31959781891167
8476,41.0,66.26033804783036,40.700323107497965,40.914048072290726,40.905353892064916
2902,26.0,44.065529433010546,27.03954524219565,26.825454491560997,26.83112780077501
5738,18.0,44.065529433010546,18.881493995555886,17.479421532165162,17.488013338135467
5664,58.0,46.83988050986302,58.44754779515634,58.38595715468843,58.382749009983854
7120,25.0,52.38858266356798,26.42620715889043,24.047302521743568,24.04953267134227
1345,41.0,52.38858266356798,44.781822463829904,45.32565773578773,45.3263217336103
1981,43.0,46.83988050986302,47.23022733102666,45.80286528023868,45.80270623042555
4088,70.0,46.83988050986302,67.62535544762608,69.97439996487765,69.9689658401774
9251,64.0,60.71163589412541,67.62288171461401,67.2307064101744,67.23201824351834
9797,43.0,46.83988050986302,43.151201707706775,43.69841041989744,43.69927600566122
4357,52.0,46.83988050986302,51.30925295434655,52.04077044945185,52.039520717370806
5510,92.0,66.26033804783036,88.62887418150659,90.27799617279709,90.28574186566262
3715,81.0,63.48598697097789,77.61599974514532,79.37664636513426,79.38037855379642
4454,38.0,66.26033804783036,37.64105389000805,36.73496987626216,36.72499126438897
4230,51.0,66.26033804783036,50.89788716579767,52.196749376921744,52.191458129210396
8582,49.0,66.26033804783036,50.89788716579767,50.50718367928016,50.50191038029669
627,39.0,57.93728481727293,37.2346355674833,37.45429487289499,37.45269077943142
2766,78.0,55.162933740420456,78.22933782845054,78.41484246292256,78.41499615200088
6989,60.0,57.93728481727293,59.66927649574266,61.20881941072528,61.20917065842703
5800,48.0,60.71163589412541,43.148727974694715,44.0627142708268,44.059690577352654
6610,64.0,44.065529433010546,60.691506634584684,62.42641447387306,62.42066021034529
4438,57.0,49.614231586715505,57.22334536155796,56.844036199471674,56.842757269696826
8686,42.0,46.83988050986302,38.05241967855692,38.21050485525309,38.212642655971834
8293,26.0,46.83988050986302,28.874612026087185,27.462985220153097,27.467593885963623
9256,47.0,57.93728481727293,48.45195603161298,47.21089768597055,47.21016370233112
7109,49.0,60.71163589412541,47.2277535980146,47.23566634911205,47.23346834049984
445,36.0,49.614231586715505,35.80846083912857,36.02141613792093,36.02385946979286
1193,54.0,52.38858266356798,51.9201173046397,52.73934165896831,52.739368686355384
7046,38.0,46.83988050986302,30.914124837747124,33.294639844706474,33.29874115125355
6015,53.0,49.614231586715505,58.243101767387934,56.84158301156979,56.83992361984941
7325,91.0,60.71163589412541,89.0377662370434,89.42871386501147,89.43357224132106
4939,94.0,66.26033804783036,92.70789980482647,92.20203879476534,92.21126910042346
5292,54.0,55.162933740420456,53.75518408853124,55.24685032357497,55.24689951184183
3930,49.0,57.93728481727293,47.43219962578301,47.35071879754073,47.34996391949422
5243,26.0,44.065529433010546,30.098814459685563,30.073403393313857,30.078021311008648
2363,68.0,57.93728481727293,66.80757133655246,67.71315401302806,67.71396766286783
9868,40.0,60.71163589412541,33.97092032222498,35.148900753958515,35.144483399138224
4208,69.0,52.38858266356798,67.21646339208927,68.26781156884851,68.2666541421175
6661,35.0,46.83988050986302,34.99315046106701,34.3305974871037,34.33358676513778
6133,74.0,49.614231586715505,74.55920426066747,75.7535036257531,75.74917815128464
1369,57.0,44.065529433010546,60.691506634584684,59.5351011243963,59.52920222423158
1425,74.0,44.065529433010546,73.9483399103743,75.28927895601325,75.27892810568243
1320,75.0,66.26033804783036,73.33252809405703,73.65564721388895,73.6580849655804
467,71.0,52.38858266356798,70.27573260957918,69.1553094816357,69.15366057739361
2823,63.0,55.162933740420456,59.87372252351106,58.90536907900754,58.90541894470635
8803,47.0,46.83988050986302,44.17095811353675,45.08900710890265,45.08957033858739
1198,43.0,46.83988050986302,42.13144530187681,41.03712430117735,41.03815636646483
7151,71.0,44.065529433010546,69.86931428705442,69.96484059745502,69.95585558191513
76,61.0,63.48598697097789,62.31965365769575,61.93103671475769,61.93084001591754
8815,73.0,52.38858266356798,71.29548901540915,71.71549949447035,71.71383616164522
62,87.0,63.48598697097789,86.79380739761505,86.31938584010256,86.32533986427099
33,47.0,66.26033804783036,48.85837435413773,49.20247380044151,49.19645991527461
7860,18.0,46.83988050986302,16.637535156127534,17.250516870034055,17.25836492350468
1318,73.0,60.71163589412541,70.68215093210392,70.68084752369813,70.68273908389459
3657,39.0,60.71163589412541,40.08945875720481,40.48609522033373,40.48267353397671
1296,50.0,55.162933740420456,48.656402059381385,49.722672941147756,49.72283330777934
4332,71.0,44.065529433010546,71.90882709871437,70.59866518496959,70.58876306151494
1160,91.0,66.26033804783036,91.6881433989965,92.04946157537816,92.05837863881736
2,45.0,63.48598697097789,44.98379475858625,45.03980513485807,45.035011339746504
3603,24.0,44.065529433010546,27.03954524219565,26.597880448706213,26.60371125008025
5211,43.0,49.614231586715505,41.9269992741084,40.15686295246097,40.15802385442802
1081,74.0,57.93728481727293,73.94586617736225,74.22426111225265,74.22579409062884
2080,79.0,60.71163589412541,79.85995858457366,80.89750479828703,80.90097684700407
8031,71.0,49.614231586715505,74.55920426066747,74.55852847083975,74.55429733740485
5954,66.0,44.065529433010546,66.81004506956451,66.55097130171416,66.5428320350374
6488,74.0,66.26033804783036,75.37204090571697,75.93864819148513,75.94193449722891
474,53.0,55.162933740420456,55.79469690019118,55.60593906375295,55.60605014956056
7901,32.0,55.162933740420456,30.30078675444191,30.754951904442773,30.75496849770613
7218,23.0,49.614231586715505,21.53187115750898,21.4107323477156,21.41548136080801
9719,73.0,57.93728481727293,75.9853789890222,75.24069014991107,75.24219481787748
6294,73.0,46.83988050986302,72.72413747677594,71.74773148857678,71.74093737032935
5187,40.0,63.48598697097789,41.924525541096344,42.71209554068197,42.70668555663258
3241,80.0,52.38858266356798,79.4535402620489,79.05418659418334,79.05191629342595
7699,36.0,57.93728481727293,38.254391973313275,37.87749044984163,37.87587343467311
9076,64.0,60.71163589412541,63.54385609129413,61.70407583984531,61.704589511357604
7026,58.0,57.93728481727293,58.649520089912684,58.85082160966151,58.85105947681527
4174,34.0,57.93728481727293,33.155609944163416,33.8987383444659,33.89665381788733
925,79.0,52.38858266356798,78.43378385621895,80.15051883111315,80.14842226308296
5890,43.0,46.83988050986302,42.13144530187681,40.89975637750905,40.90092536002374
3086,55.0,66.26033804783036,55.99666919494753,56.197281455695375,56.19386954850603
4699,20.0,44.065529433010546,18.881493995555886,17.13308889980417,17.14151221298404
9612,37.0,55.162933740420456,39.47859440691165,39.914001947786616,39.91396981862444
8946,34.0,46.83988050986302,30.914124837747124,32.81093928867719,32.815009019661034
1433,73.0,57.93728481727293,74.96562258319221,73.83920347420691,73.84061309600938
7211,19.0,44.065529433010546,19.90125040138585,18.014603201696183,18.022810412637916
7197,54.0,49.614231586715505,55.18383254989802,53.16386785519127,53.16284398528006
9328,51.0,55.162933740420456,51.7156712768713,51.23801183055434,51.23809674353469
7688,44.0,52.38858266356798,43.76206605799994,44.36070981163104,44.361602973897554
2273,71.0,57.93728481727293,71.9063533657023,70.06039221194297,70.06161979636872
3539,87.0,66.26033804783036,84.54984855818671,84.90639600975703,84.91280319570345
2251,37.0,55.162933740420456,40.49835081274162,40.449183617317644,40.44911947862744
605,57.0,63.48598697097789,56.201115222715934,55.615551149624956,55.613721936201806
9337,28.0,46.83988050986302,26.835099214427245,27.48650093011896,27.491583910393175
6175,44.0,66.26033804783036,42.739835919157905,43.94459546655382,43.936462764746736
9978,72.0,57.93728481727293,66.80757133655246,67.81425011891349,67.81508801056289
5757,15.0,46.83988050986302,18.67704796778748,17.454575202922967,17.46179144976989
1801,76.0,60.71163589412541,78.8402021787437,79.39492201669744,79.39818663106576
7510,80.0,63.48598697097789,77.61599974514532,78.70164358403306,78.70534053025517
4598,64.0,66.26033804783036,62.11520762992735,62.9746876034595,62.97337903118233
2342,37.0,66.26033804783036,37.64105389000805,36.20410751575106,36.19421367060903
2867,61.0,57.93728481727293,61.7087893074026,61.26873732302409,61.26904192593204
3619,77.0,57.93728481727293,79.04464820651211,76.61866111564936,76.62049168631717
8528,69.0,66.26033804783036,70.27325887656711,70.39680832543715,70.39814113890205
4948,35.0,55.162933740420456,33.36005597193182,34.67790358729684,34.67795778798267
4630,52.0,55.162933740420456,48.656402059381385,49.340068491003905,49.34022152388188
8392,24.0,44.065529433010546,22.96051961887577,23.03143393357817,23.03850241259753
1632,59.0,57.93728481727293,57.62976368408271,58.97975273453274,58.97992489053698
6436,34.0,46.83988050986302,34.99315046106701,36.0201631847453,36.023134514051485
9437,72.0,60.71163589412541,73.74142014959384,72.51396657514599,72.51613349284919
5058,52.0,57.93728481727293,52.53098165493286,53.448802855183715,53.44838853127859
4749,57.0,63.48598697097789,56.201115222715934,57.5975151782239,57.5956959247593
8010,43.0,57.93728481727293,42.333417596633154,42.67518393766589,42.673836672284416
2795,46.0,55.162933740420456,47.63664565355141,49.04335085102662,49.04342321801503
5557,33.0,46.83988050986302,32.95363764940707,34.22763526010023,34.231280586567635
1490,36.0,60.71163589412541,37.03018953971489,36.12660478593219,36.12246869604425
8868,51.0,57.93728481727293,51.51122524910289,51.260327305793965,51.259713634732776
3339,74.0,60.71163589412541,78.8402021787437,78.28338048404876,78.28646193811943
7227,88.0,60.71163589412541,84.95874061372352,84.39667383741062,84.40081044419422
3926,33.0,60.71163589412541,32.951163916395004,33.072411297153145,33.06777550735373
7709,47.0,63.48598697097789,42.94428194692631,44.5433484710118,44.53810081733586
2972,77.0,66.26033804783036,76.39179731154694,76.4629398743172,76.46650193929108
8935,39.0,63.48598697097789,37.84549991777646,37.70543734416503,37.69874702930984
8918,69.0,52.38858266356798,68.23621979791923,68.27624836764558,68.2748434420866
1525,65.0,46.83988050986302,59.467304200986305,60.86683103503554,60.863497560672904
750,34.0,49.614231586715505,33.76894802746863,32.82494834966981,32.827678316968615
6619,39.0,57.93728481727293,42.333417596633154,41.953019352082876,41.95175318655575
1975,45.0,57.93728481727293,47.43219962578301,46.18112547371129,46.18025896091907
9882,54.0,44.065529433010546,49.474186170455006,50.543707211608435,50.54180091975939
1804,38.0,55.162933740420456,40.49835081274162,41.27921680570792,41.279352735371376
7931,72.0,66.26033804783036,74.35228449988699,73.5697604037224,73.57262407305033
1836,35.0,52.38858266356798,33.56450199970023,33.002294232198494,33.003961563118565
2940,88.0,66.26033804783036,87.60911777567662,88.25544101739533,88.26293256663547
3013,30.0,44.065529433010546,28.05930164802562,27.833446730422363,27.83872220342859
5628,56.0,57.93728481727293,54.570494466592805,54.508276207546814,54.507929340593485
5347,33.0,46.83988050986302,32.95363764940707,32.58523136694045,32.588778299841366
2550,85.0,57.93728481727293,82.10391742400202,82.56662114180705,82.56885948634284
9561,61.0,60.71163589412541,61.50434327963419,61.29782529518552,61.29804082595089
3578,30.0,55.162933740420456,28.261273942781965,27.410226205824408,27.410268949498843
6775,64.0,49.614231586715505,64.36164020236777,64.36970621523665,64.36724234895239
8254,29.0,57.93728481727293,30.096340726673503,29.390989999697112,29.388547609197797
7328,64.0,44.065529433010546,65.79028866373454,66.0806139202857,66.07304464948398
6692,80.0,52.38858266356798,78.43378385621895,78.42879880546582,78.42666923554441
4542,86.0,55.162933740420456,83.32811985760038,83.15203097166419,83.15196918138568
5033,49.0,63.48598697097789,49.062820381906135,48.10077112055893,48.097086537257795
9067,61.0,60.71163589412541,61.50434327963419,61.117413056812545,61.117669737443556
5461,41.0,66.26033804783036,42.739835919157905,43.233320867669754,43.22531408245946
7195,38.0,66.26033804783036,36.62129748417808,35.33348320055801,35.32314510339543
5065,62.0,60.71163589412541,60.48458687380422,60.96483583742537,60.96495556858773
6327,47.0,44.065529433010546,45.39516054713513,43.67796106577587,43.67734645696087
817,87.0,55.162933740420456,85.36763266926033,85.4459219359593,85.44604834547448
6832,73.0,49.614231586715505,73.5394478548375,74.35201695004895,74.34786086854194
1080,73.0,55.162933740420456,73.13055579930068,71.90560148481602,71.90550145799176
9714,33.0,55.162933740420456,37.43908159525171,36.68126234175264,36.681325421553595
4213,44.0,49.614231586715505,41.9269992741084,40.40209947893652,40.403404631884385
2707,65.0,63.48598697097789,63.339410063525726,63.24231727127536,63.24241248628226
9662,57.0,66.26033804783036,57.016425600777495,56.82266924441289,56.81955733826326
905,85.0,63.48598697097789,87.81356380344502,87.79658679060825,87.8030423712798
3543,72.0,60.71163589412541,69.66239452627396,68.59346808019382,68.5950963886687
6770,33.0,49.614231586715505,34.788704433298605,34.82212167398764,34.824782882440275
808,80.0,66.26033804783036,78.43131012320688,80.08917391719397,80.09339809470185
9665,40.0,55.162933740420456,41.518107218571586,42.01659068700981,42.01674309076451
1891,62.0,57.93728481727293,60.68903290157263,60.29289941216845,60.29321207002762
4292,53.0,63.48598697097789,55.18135881688596,53.77752572237332,53.77527725217832
3803,28.0,49.614231586715505,27.65040959248881,28.097932376293233,28.101632029725664
6889,79.0,63.48598697097789,81.6950253684652,80.32239788834501,80.3271541364303
7936,54.0,44.065529433010546,55.59272460543483,54.924390552624025,54.920288325349254
3834,67.0,55.162933740420456,67.01201736432085,65.74514632697236,65.74516524623121
9226,46.0,44.065529433010546,45.39516054713513,46.65948053443912,46.65898998732824
5048,51.0,52.38858266356798,52.93987371046967,51.73321554122499,51.73304826095203
4953,43.0,49.614231586715505,38.867730056618484,39.56176337063114,39.563708097921115
97,81.0,57.93728481727293,84.14343023566195,84.64065741071055,84.64291002103019
8394,39.0,55.162933740420456,39.47859440691165,39.14879304749892,39.14874625082952
4543,29.0,52.38858266356798,31.524989188040287,30.87432366189139,30.87618872842414
7547,56.0,49.614231586715505,63.341883796537786,62.610996920472545,62.60848913761687
5726,69.0,52.38858266356798,71.29548901540915,70.64700227652635,70.64525155076512
484,33.0,46.83988050986302,28.874612026087185,30.581872612484645,30.586468422772093
3742,51.0,66.26033804783036,46.81886154247779,47.40994587579643,47.403371938538825
6914,67.0,55.162933740420456,68.03177377015083,67.57639925730217,67.57631606780907
7368,65.0,60.71163589412541,60.48458687380422,62.15981099233873,62.159836382467525
3512,26.0,49.614231586715505,27.65040959248881,28.884921249978824,28.888725204403357
8509,67.0,63.48598697097789,66.39867928101563,67.20154077191228,67.20230575268108
3173,47.0,46.83988050986302,50.289496548516574,50.04359712513402,50.042504298274274
2247,50.0,55.162933740420456,52.735427682701264,51.289492944056086,51.28951427194518
1643,45.0,63.48598697097789,47.02330757024619,47.030407781496876,47.02625833900096
4755,32.0,52.38858266356798,35.604014811360166,35.23136090839104,35.232854745508064
3995,62.0,46.83988050986302,60.48706060681628,59.669402692220295,59.66569495057055
4127,59.0,66.26033804783036,60.07569481826741,59.193423153293665,59.19128764256885
1316,22.0,52.38858266356798,25.406450753060458,25.345826970444246,25.348279336389407
5986,69.0,57.93728481727293,69.86684055404237,68.78783666111003,68.78890348822232
8214,86.0,66.26033804783036,84.54984855818671,85.28900045990089,85.2954149796009
3759,78.0,66.26033804783036,80.47082293486682,79.0443227937659,79.04910297083157
5834,51.0,55.162933740420456,46.616889247721446,48.114674744652795,48.114726970673175
8987,70.0,46.83988050986302,68.64511185345604,70.31827940933674,70.31254516910627
2122,39.0,46.83988050986302,40.09193249021686,39.9667609621153,39.96838592470965
3320,49.0,57.93728481727293,49.471712437442946,49.28738714277591,49.28678344774048
9239,48.0,57.93728481727293,46.41244321995303,45.592009502776634,45.590946269033296
2934,56.0,57.93728481727293,54.570494466592805,54.58399048234834,54.583873832983905
6037,80.0,52.38858266356798,81.49305307370885,81.09195104530394,81.0895035838667
8677,24.0,52.38858266356798,24.38669434723049,24.464312668552232,24.466716697610117
1743,21.0,44.065529433010546,25.000032430535704,23.39052267375615,23.396947879315157
3126,28.0,46.83988050986302,22.75607359110736,25.14358204022399,25.14980233149269
61,98.0,66.26033804783036,94.74741261648641,95.81738285094316,95.82723045239287
6851,29.0,46.83988050986302,28.874612026087185,29.4340592620531,29.43863307107972
7868,31.0,52.38858266356798,31.524989188040287,30.581925330934027,30.583762488780348
128,71.0,44.065529433010546,71.90882709871437,72.04976685305745,72.0399594562925
6547,44.0,66.26033804783036,47.83861794830776,46.59512198312504,46.58879813695989
3113,90.0,66.26033804783036,92.70789980482647,92.28135492725289,92.29051984123575
1958,64.0,52.38858266356798,67.21646339208927,68.11278116155945,68.1114589089148
2571,90.0,63.48598697097789,87.81356380344502,87.82196862169215,87.82821822658444
2587,49.0,49.614231586715505,47.025781303258256,47.56868075452351,47.56909165892177
6072,60.0,60.71163589412541,57.425317656314306,59.58686487168708,59.58639426102265
9679,61.0,66.26033804783036,60.07569481826741,60.00579385806317,60.003556672551184
8798,70.0,46.83988050986302,67.62535544762608,67.63161145953273,67.62624967460523
9595,91.0,60.71163589412541,91.07727904870335,90.61106329665792,90.61627929796407
8285,66.0,52.38858266356798,62.11768136293941,62.70058987171662,62.69988858786446
1999,67.0,49.614231586715505,66.4011530140277,64.80133859098035,64.79826171866263
9736,33.0,44.065529433010546,34.17784008300545,32.66155880968438,32.66483108186493
1293,69.0,55.162933740420456,62.932991741000976,64.70918868457512,64.70926187584531
5129,51.0,66.26033804783036,50.89788716579767,51.4206504899351,51.41529975797409
1959,73.0,52.38858266356798,72.31524542123911,72.64417560084418,72.64244426261192
7023,72.0,60.71163589412541,72.72166374376387,72.98923033237821,72.99141188534719
8353,42.0,66.26033804783036,41.72007951332793,41.044845318280004,41.03637474678824
8652,61.0,46.83988050986302,59.467304200986305,59.51682547283312,59.513421513590416
5276,34.0,60.71163589412541,30.911651104735064,31.12485296521901,31.1198448829158
2534,59.0,63.48598697097789,60.28014084603581,59.20737949583691,59.206574727493035
229,62.0,52.38858266356798,65.17695058042932,66.08590669713777,66.08480642191543
2924,74.0,46.83988050986302,73.7438938826059,73.14921816428094,73.14216650669691
382,80.0,57.93728481727293,80.06440461234207,79.1249168270804,79.1267686778114
3949,45.0,52.38858266356798,44.781822463829904,44.69369926939119,44.694423792135304
9335,25.0,49.614231586715505,21.53187115750898,22.533163867063237,22.538140857195735
6378,51.0,57.93728481727293,52.53098165493286,51.849443276728614,51.84902632661856
4104,27.0,52.38858266356798,27.4459635647204,28.286168245520862,28.28832120106618
3171,39.0,57.93728481727293,42.333417596633154,41.516480600535395,41.51506651715066
7603,43.0,52.38858266356798,42.742309652169965,42.37442647401216,42.37534506549214
4073,63.0,57.93728481727293,61.7087893074026,62.23613843508266,62.23650618911707
2798,61.0,49.614231586715505,62.32212739070781,61.10841413888295,61.10605150717912
7443,34.0,49.614231586715505,35.80846083912857,36.24899018077572,36.25127602048762
9266,59.0,55.162933740420456,60.89347892934103,61.75795742279956,61.75810891497687
2335,77.0,57.93728481727293,80.06440461234207,78.98754890341209,78.9895376713703
6052,31.0,44.065529433010546,34.17784008300545,34.73372895746982,34.736990614676095
6986,61.0,46.83988050986302,61.50681701264625,61.64479604314023,61.6408417627843
5550,64.0,49.614231586715505,63.341883796537786,62.12729636444326,62.12475700602436
7971,89.0,60.71163589412541,86.99825342538347,87.07316925184959,87.07785397768103
5282,67.0,46.83988050986302,69.66486825928601,68.79218091778128,68.78620566061409
8676,66.0,57.93728481727293,73.94586617736225,71.52424998784781,71.52564199646386
6803,38.0,60.71163589412541,38.04994594554486,38.155932438255746,38.15213112564133
4489,44.0,44.065529433010546,44.375404141305154,43.90798829653254,43.90777295025333
9181,43.0,57.93728481727293,43.35317400246312,41.63278600213971,41.63158188088531
8716,26.0,46.83988050986302,26.835099214427245,25.807825219176323,25.812970964920865
9810,48.0,49.614231586715505,50.08505052074817,48.935761733562856,48.9356604065438
8880,77.0,52.38858266356798,78.43378385621895,78.2628784114778,78.26053919890032
308,40.0,46.83988050986302,37.03266327272695,37.765529304908554,37.767942979347914
2174,40.0,52.38858266356798,37.643527623020105,39.63369383825446,39.63502780840378
4113,78.0,57.93728481727293,78.02489180068213,79.8773696195511,79.87916644028873
4373,34.0,63.48598697097789,38.86525632360643,38.103251090027754,38.09693012199716
2318,42.0,55.162933740420456,40.49835081274162,41.23617249100324,41.23621265330513
1978,61.0,57.93728481727293,61.7087893074026,61.5502456672825,61.55053336213444
2706,38.0,60.71163589412541,37.03018953971489,38.29575354982593,38.291843196429284
1767,33.0,52.38858266356798,35.604014811360166,35.08722048780092,35.08859431574676
6714,34.0,57.93728481727293,32.13585353833345,32.742488195237286,32.740452873475576
6550,36.0,49.614231586715505,36.82821724495855,36.69396573112025,36.696063843486684
1562,79.0,49.614231586715505,76.5987170723274,77.29667753414549,77.29192221394122
5694,70.0,60.71163589412541,65.58336890295408,67.11685419647198,67.11789579775542
5396,54.0,66.26033804783036,54.976912789117556,53.57226715475815,53.568243543429716
4257,57.0,66.26033804783036,60.07569481826741,60.792782731748765,60.79064984722888
5666,57.0,57.93728481727293,58.649520089912684,59.04212383473343,59.042365368763996
1243,78.0,63.48598697097789,78.63575615097528,78.22226233702371,78.22624490401114
35,74.0,46.83988050986302,74.76365028843587,76.1500644184402,76.14275784772451
8011,66.0,63.48598697097789,67.41843568684561,66.05804673050066,66.05910690633719
6309,78.0,55.162933740420456,77.20958142262057,76.94853149911583,76.94849288755888
4364,43.0,49.614231586715505,47.025781303258256,44.821507825636864,44.82189410256937
736,27.0,55.162933740420456,29.28103034861194,28.83349285492647,28.833632131874605
1203,75.0,46.83988050986302,75.78340669426584,75.52654275084072,75.51887291346834
2683,40.0,49.614231586715505,32.74919162163866,34.93584350314,34.93878215837323
7170,80.0,63.48598697097789,79.65551255680526,78.52309746677813,78.52721302912458
6829,93.0,66.26033804783036,88.62887418150659,89.01819672978115,89.02585136283378
3912,81.0,52.38858266356798,81.49305307370885,81.40973120734523,81.40710567881514
8845,79.0,63.48598697097789,76.59624333931535,77.63559955399094,77.63914883734681
5576,68.0,57.93728481727293,69.86684055404237,69.28242720383827,69.28357042325622
2762,79.0,57.93728481727293,83.12367382983199,82.37286572883325,82.3749843836721
3345,59.0,57.93728481727293,59.66927649574266,61.15488510932166,61.155095772919395
6776,72.0,49.614231586715505,72.51969144900752,73.47727514507875,73.473415799458
3231,57.0,57.93728481727293,58.649520089912684,58.266024947746786,58.266206997527696
4490,66.0,63.48598697097789,70.47770490433552,71.4792618859244,71.48113137095496
1700,41.0,66.26033804783036,37.64105389000805,38.669772100379305,38.659919790759034
4920,55.0,63.48598697097789,58.240628034375874,56.02180169428474,56.02044691435879
951,40.0,55.162933740420456,41.518107218571586,42.15395861067811,42.1539740972056
5421,37.0,49.614231586715505,37.84797365078852,39.35525184984034,39.357271629058204
4898,76.0,57.93728481727293,77.00513539485216,76.98850945797622,76.99027766489704
5309,35.0,49.614231586715505,33.76894802746863,32.57971182319426,32.582297539512254
2378,68.0,52.38858266356798,63.13743776876938,61.78466987315979,61.783753706714776
3059,86.0,57.93728481727293,86.1829430473219,86.36064169978988,86.36324780202308
971,66.0,49.614231586715505,66.4011530140277,65.51938568678622,65.51643982427012
4776,55.0,60.71163589412541,53.34629203299443,53.284135414371335,53.282807157625605
7979,80.0,66.26033804783036,80.47082293486682,80.48453447515482,80.48936456216774
6561,70.0,66.26033804783036,65.17447684741727,65.0748231547808,65.07455270272692
558,32.0,57.93728481727293,33.155609944163416,31.635265971608536,31.63318839312744
5593,67.0,52.38858266356798,65.17695058042932,66.71374767375717,66.71279898326925
4055,28.0,52.38858266356798,28.46571997055037,28.694871978082535,28.69708651169434
8977,43.0,49.614231586715505,41.9269992741084,40.30100337305109,40.30228428418933
7945,89.0,66.26033804783036,90.66838699316654,89.7168456053983,89.72517887338483
9933,65.0,55.162933740420456,62.932991741000976,62.1533179807604,62.15337021144164
1282,62.0,49.614231586715505,64.36164020236777,63.09901678552176,63.096417042682184
6535,51.0,57.93728481727293,46.41244321995303,48.58441895813883,48.58352460284206
3348,61.0,63.48598697097789,61.29989725186579,60.757124081908316,60.756498551993914
7853,16.0,46.83988050986302,16.637535156127534,16.72377199930009,16.731492709845917
9558,37.0,52.38858266356798,35.604014811360166,35.72595145111927,35.72752168054197
1593,41.0,66.26033804783036,42.739835919157905,41.34568044803443,41.33743101827682
891,28.0,46.83988050986302,32.95363764940707,31.527624135695387,31.531128492402658
8867,43.0,57.93728481727293,41.31366119080318,42.52260671827871,42.52121064980373
8871,48.0,49.614231586715505,51.104806926578135,48.70573450280618,48.70541020600162
7,42.0,63.48598697097789,38.86525632360643,38.240619013696055,38.23416112843826
5786,18.0,46.83988050986302,16.637535156127534,17.441819095105977,17.44967081545341
9246,70.0,57.93728481727293,75.9853789890222,74.42831944514157,74.42992578789514
1564,36.0,55.162933740420456,33.36005597193182,32.90902175716771,32.90915929825669
6226,45.0,66.26033804783036,43.75959232498788,45.2558760230715,45.24812338148661
4071,52.0,44.065529433010546,53.55321179377489,52.110527214516765,52.10707154192301
7169,69.0,60.71163589412541,70.68215093210392,70.46776532522831,70.46956358506307
7611,21.0,49.614231586715505,22.551627563338954,22.631806785046777,22.63642755504337
7560,69.0,63.48598697097789,71.49746131016549,71.96728175097361,71.96950000789595
4539,79.0,52.38858266356798,81.49305307370885,79.64084937721609,79.63830718908916
9866,89.0,63.48598697097789,88.833320209275,89.99955418438296,90.00613461243913
3050,69.0,63.48598697097789,71.49746131016549,71.76508953920273,71.76725931250581
3852,85.0,57.93728481727293,83.12367382983199,82.6181022553088,82.62036516112848
5761,96.0,66.26033804783036,96.78692542814636,95.97427937935026,95.9848455657226
707,41.0,60.71163589412541,42.12897156886474,43.24602425703736,43.24287318839697
7549,78.0,55.162933740420456,76.18982501679059,77.90749581237735,77.90767970439967
3075,62.0,57.93728481727293,63.74830211906254,63.407597880030146,63.40810214956842
328,22.0,52.38858266356798,23.36693794140052,23.92913099902121,23.93165518398225
4418,62.0,52.38858266356798,66.1967069862593,63.97501154366759,63.97379072688595
8015,48.0,44.065529433010546,50.49394257628498,49.674949017533415,49.67244706167172
5114,35.0,52.38858266356798,31.524989188040287,32.45190326694859,32.45368132620139
6160,33.0,57.93728481727293,32.13585353833345,31.29138652714943,31.289256478698025
5858,74.0,49.614231586715505,72.51969144900752,72.03706346368983,72.03315420812183
3301,44.0,52.38858266356798,41.72255324634,42.01965704285411,42.02065464037161
7792,62.0,49.614231586715505,61.30237098487785,60.43586454568363,60.43384713348529
6606,56.0,44.065529433010546,54.57296819960486,54.591401094863876,54.58773194623692
8403,64.0,52.38858266356798,66.1967069862593,65.5525911487248,65.5512833246632
8999,43.0,46.83988050986302,43.151201707706775,43.449056403644754,43.449989848083675
6205,59.0,49.614231586715505,59.26285817321791,58.91807246837516,58.91627892613335
671,19.0,46.83988050986302,19.696804373617447,19.350652421355356,19.35768752117135
8662,51.0,66.26033804783036,51.91764357162764,51.38192548425035,51.376884327631466
2419,58.0,60.71163589412541,53.34629203299443,53.35984968917286,53.35875165001602
3972,52.0,55.162933740420456,50.695914871041325,51.186530717052605,51.1866792151242
3862,60.0,63.48598697097789,57.2208716285459,57.32032614298542,57.318840993905376
5880,25.0,44.065529433010546,22.96051961887577,23.414038383722023,23.42111419649499
447,62.0,44.065529433010546,56.612481011264805,58.01544292596978,58.010977064255385
5251,66.0,63.48598697097789,66.39867928101563,67.58414522205614,67.58491753657854
1038,67.0,52.38858266356798,69.2559762037492,70.06033949349359,70.0588606551019
6530,74.0,52.38858266356798,72.31524542123911,73.6006867262038,73.59897372235557
201,57.0,66.26033804783036,58.03618200660747,57.585424956798704,57.58247613446158
5774,92.0,63.48598697097789,89.85307661510498,90.06192528458365,90.06875138341643
9629,41.0,49.614231586715505,40.90724286827843,42.27453060285298,42.27615711915285
3648,34.0,44.065529433010546,32.1383272713455,32.020961725247986,32.02489417894491
1634,55.0,44.065529433010546,51.513698982114946,53.87754292352785,53.87486049352418
2644,53.0,66.26033804783036,50.89788716579767,51.71304882089246,51.70772599761788
9451,53.0,60.71163589412541,51.30677922133448,50.1524919142228,50.15093052274927
224,46.0,44.065529433010546,47.43467335879507,46.00812384785385,46.00683110879459
2952,62.0,52.38858266356798,64.15719417459935,64.4931177963617,64.49209510084886
1124,71.0,55.162933740420456,69.0515301759808,68.94161411522347,68.94169898455601
974,51.0,49.614231586715505,51.104806926578135,51.20355341544015,51.203321604776484
27,83.0,66.26033804783036,81.4905793406968,81.79581503167249,81.8010251789076
7311,78.0,46.83988050986302,75.78340669426584,76.87654831304314,76.86894896055082
5709,18.0,46.83988050986302,20.71656077944742,21.517347997347215,21.52414022533383
7505,38.0,60.71163589412541,34.99067672805495,34.9079835365029,34.90365098065521
4041,54.0,63.48598697097789,54.16160241105599,54.92779226070675,54.925505521842425
8541,42.0,46.83988050986302,41.111688896046836,39.97108027113523,39.972493551807304
6077,17.0,46.83988050986302,17.657291561957507,15.861786302146882,15.8692564214536
403,47.0,55.162933740420456,45.59713284189147,46.71318806894864,46.7132333951802
8988,65.0,66.26033804783036,66.19423325324723,65.55607052290821,65.55598006272284
1259,68.0,44.065529433010546,69.86931428705442,70.20330462700876,70.19420693605127
7436,86.0,57.93728481727293,86.1829430473219,87.26321852374588,87.2657023762591
9421,29.0,49.614231586715505,29.689922404148753,30.290727234702914,30.29423826061885
3894,75.0,55.162933740420456,76.18982501679059,77.6622592859018,77.66229892694331
3521,81.0,66.26033804783036,76.39179731154694,77.86010724100143,77.86362344856099
2256,78.0,60.71163589412541,77.82044577291373,79.3434409031957,79.34659280990499
360,85.0,63.48598697097789,82.71478177429518,82.29779123926494,82.30282982689488
7807,40.0,52.38858266356798,35.604014811360166,37.78723161220576,37.78874640991174
9030,73.0,52.38858266356798,76.394271044559,76.23600394705613,76.23388671190094
4663,44.0,57.93728481727293,42.333417596633154,42.000181156564686,41.99879864874317
327,29.0,44.065529433010546,29.07905805385559,29.44801560459634,29.453038692252523
704,48.0,49.614231586715505,51.104806926578135,49.51810520757569,49.51767923598396
8162,40.0,57.93728481727293,38.254391973313275,38.498558929539215,38.49683657270672
1941,47.0,55.162933740420456,47.63664565355141,49.04335085102662,49.04342321801503
2708,68.0,66.26033804783036,66.19423325324723,65.40781261254097,65.40781425284035
4938,54.0,44.065529433010546,52.53345538794492,52.643842762929744,52.64085907830066
3727,55.0,44.065529433010546,54.57296819960486,52.17289831471745,52.16907128827434
842,84.0,63.48598697097789,84.75429458595511,85.69645123928693,85.70213313886063
6821,66.0,60.71163589412541,68.64263812044399,67.28218752367614,67.2836120646791
8925,73.0,52.38858266356798,73.33500182706909,73.06737117779082,73.06545062510334
2810,40.0,66.26033804783036,39.68056670166799,40.02164378369976,40.012415717968544
79,88.0,63.48598697097789,87.81356380344502,88.6882736278653,88.69456214207442
5524,18.0,44.065529433010546,14.802468372236,14.360403755283542,14.370425973499238
9938,48.0,57.93728481727293,52.53098165493286,52.4705117564262,52.469989464652166
7289,84.0,52.38858266356798,81.49305307370885,83.25432731227588,83.25184866093153
3371,60.0,49.614231586715505,58.243101767387934,60.115500811190394,60.11399338986057
7840,71.0,44.065529433010546,66.81004506956451,69.1607763069325,69.15279858494871
9447,58.0,44.065529433010546,54.57296819960486,53.42180777103443,53.41802698766177
3197,38.0,49.614231586715505,36.82821724495855,37.480954604805845,37.48315701816438
1927,63.0,46.83988050986302,63.54632982430619,63.9277970207364,63.92345724518087
3869,97.0,63.48598697097789,92.91234583259488,92.5446652860488,92.55227239973306
1311,46.0,63.48598697097789,47.02330757024619,46.78517125502133,46.78087756154459
3707,72.0,57.93728481727293,72.92610977153228,73.9166534855764,73.91797283494546
7842,70.0,52.38858266356798,71.29548901540915,70.40853824697261,70.40690019662897
4705,29.0,57.93728481727293,31.116097132503473,31.08487500635863,31.082555570709697
5579,58.0,66.26033804783036,57.016425600777495,57.35353160492399,57.350334932043204
4181,93.0,66.26033804783036,91.6881433989965,92.76073617426223,92.76952732110465
2437,46.0,52.38858266356798,44.781822463829904,46.000660516888935,46.00135975715155
827,69.0,63.48598697097789,65.37892287518567,65.95508450349719,65.95574297126538
3553,13.0,44.065529433010546,14.802468372236,14.992362221680075,15.002323914974234
4125,68.0,55.162933740420456,69.0515301759808,70.2014135582394,70.20158948738484
9619,57.0,46.83988050986302,53.34876576600649,53.63787865924786,53.63616337278474
5040,55.0,57.93728481727293,54.570494466592805,56.11440828292373,56.11432096857373
299,41.0,46.83988050986302,40.09193249021686,39.28086819431514,39.282413097727016
959,84.0,57.93728481727293,82.10391742400202,82.36442893003618,82.36661879095273
6946,46.0,55.162933740420456,46.616889247721446,45.99946028216268,45.999427355795774
9961,52.0,60.71163589412541,51.30677922133448,50.737288576137516,50.73578300203685
8071,37.0,52.38858266356798,33.56450199970023,35.45706883012778,35.45873287982718
1143,29.0,44.065529433010546,27.03954524219565,28.366762278835342,28.37250973980623
6722,61.0,52.38858266356798,60.07816855127947,61.75670446962393,61.75606176360842
5544,57.0,52.38858266356798,59.058412145449495,59.82435543340867,59.82387874071064
3099,41.0,57.93728481727293,42.333417596633154,41.42627448134891,41.424880972896986
2373,67.0,44.065529433010546,64.77053225790458,63.466489606047425,63.45905861885015
9897,42.0,57.93728481727293,39.274148379143234,41.64354560428858,41.64204092899617
6584,32.0,52.38858266356798,31.524989188040287,33.228002153935236,33.22983969743769
8760,37.0,52.38858266356798,33.56450199970023,33.82555492366694,33.82716539654229
7538,57.0,63.48598697097789,61.29989725186579,60.464725750950954,60.464072312350126
856,54.0,60.71163589412541,56.40556125048434,55.777765402535444,55.776998538258205
5572,45.0,57.93728481727293,47.43219962578301,46.968114347396885,46.96735213559677
5445,84.0,66.26033804783036,84.54984855818671,85.3361622643827,85.34246044178833
121,92.0,66.26033804783036,89.64863058733656,89.76646059778199,89.77452910716886
1367,44.0,46.83988050986302,40.09193249021686,40.63087375651756,40.632489144809504
5815,81.0,52.38858266356798,80.47329666787888,79.87087660797278,79.86846924325621
5680,54.0,46.83988050986302,56.4080349834964,56.01952255482758,56.01697740665382
6467,65.0,46.83988050986302,61.50681701264625,62.70240327438529,62.698491570223
1448,14.0,44.065529433010546,15.822224778065973,15.086887649886492,15.09652893995041
8123,35.0,52.38858266356798,36.62377121719014,37.12743812682343,37.12892710965981
5052,52.0,44.065529433010546,48.45442976462504,46.05960496135559,46.05789605170453
9549,66.0,46.83988050986302,63.54632982430619,64.54886550043398,64.54442038321449
262,60.0,57.93728481727293,61.7087893074026,61.36983342890953,61.370162273627095
5054,41.0,46.83988050986302,44.17095811353675,43.51142750384545,43.51207774081014
3947,57.0,63.48598697097789,56.201115222715934,56.922512397122695,56.92065790121805
3798,62.0,60.71163589412541,62.524099685464165,62.74647377537149,62.74675615638157
4494,52.0,55.162933740420456,51.7156712768713,49.69670404328,49.69671480450347
9715,73.0,52.38858266356798,70.27573260957918,72.23792505618438,72.23642445545605
9324,52.0,66.26033804783036,49.878130759967696,50.64700479085034,50.64144615833438
8489,48.0,52.38858266356798,47.84109168131982,48.86600496849794,48.86643480086397
1395,51.0,63.48598697097789,55.18135881688596,53.77752572237332,53.77527725217832
1567,44.0,63.48598697097789,41.924525541096344,40.149452339945434,40.14376446890869
814,46.0,57.93728481727293,48.45195603161298,46.91849935501319,46.917737462687334
1488,68.0,49.614231586715505,70.48017863734759,70.32796916130944,70.32428010882117
4644,37.0,44.065529433010546,36.21735289466539,35.27322993602077,35.27580716990106
6357,43.0,66.26033804783036,40.700323107497965,39.69052044705765,39.68157404798213
2497,53.0,49.614231586715505,52.12456333240811,53.146792438354346,53.14635128474051
8109,80.0,52.38858266356798,76.394271044559,75.9975399175024,75.9955353577648
6972,40.0,60.71163589412541,39.06970235137483,40.33351800094655,40.329959365120885
3470,77.0,44.065529433010546,73.9483399103743,74.17773742336456,74.16720341273609
9431,33.0,57.93728481727293,35.19512275582336,34.528445442203335,34.52653738111734
1809,74.0,63.48598697097789,72.51721771599546,71.54595229514501,71.54838464728073
7781,75.0,46.83988050986302,73.7438938826059,72.66551760825165,72.6584343751044
6162,88.0,63.48598697097789,86.79380739761505,86.18201791643426,86.18810885782989
758,77.0,52.38858266356798,79.4535402620489,77.98568937623932,77.98333168254585
4392,20.0,46.83988050986302,20.71656077944742,18.53582852868397,18.542496694966466
1581,75.0,66.26033804783036,75.37204090571697,75.87382390338254,75.87692480827988
7043,66.0,49.614231586715505,65.38139660819773,64.11789901108207,64.11512254152743
5898,31.0,60.71163589412541,31.931407510565037,30.883935747763392,30.87901246443278
634,85.0,66.26033804783036,84.54984855818671,83.84878877851199,83.85515338826475
7596,13.0,44.065529433010546,13.782711966406026,13.04912319876587,13.059470527760475
5441,72.0,44.065529433010546,70.88907069288439,71.07392894220182,71.06457033226377
6957,39.0,55.162933740420456,37.43908159525171,38.70627068505627,38.70643949217733
7749,40.0,46.83988050986302,42.13144530187681,40.70845415243713,40.70961946807501
7316,78.0,60.71163589412541,78.8402021787437,77.66231200435118,77.66549880008581
6063,27.0,52.38858266356798,27.4459635647204,27.181399209793994,27.183625931440055
3600,82.0,57.93728481727293,78.02489180068213,78.2997900144939,78.30167384251148
2264,65.0,66.26033804783036,64.15472044158729,64.91135594869468,64.91072743767943
9122,58.0,44.065529433010546,59.67175022875472,58.75468292838972,58.749024372272764
3596,43.0,63.48598697097789,48.04306397607616,46.406886113897414,46.40290228299562
316,36.0,63.48598697097789,36.825743511946484,36.166582744792564,36.15975800825035
9318,42.0,55.162933740420456,41.518107218571586,40.76768123069283,40.76778739137707
6612,69.0,60.71163589412541,67.62288171461401,67.21981642347546,67.22108344007695
4561,16.0,46.83988050986302,16.637535156127534,16.42048368164378,16.42813166676074
4340,65.0,63.48598697097789,65.37892287518567,65.57248005335335,65.57313118736792
1194,56.0,57.93728481727293,54.570494466592805,56.251776206592034,56.25155197501482
7539,82.0,60.71163589412541,88.01800983121343,86.64094980932205,86.64571566724928
3048,58.0,46.83988050986302,53.34876576600649,55.51874658196137,55.51701701364718
9393,69.0,55.162933740420456,69.0515301759808,68.88767981381984,68.88762409904838
9827,71.0,52.38858266356798,71.29548901540915,69.84552155845579,69.84391732422418
7745,84.0,52.38858266356798,81.49305307370885,80.83582453212945,80.83318800296895
7354,31.0,55.162933740420456,28.261273942781965,28.233486897292867,28.23347278292257
4189,47.0,46.83988050986302,47.23022733102666,47.088046554338526,47.08777258855901
2385,84.0,63.48598697097789,83.73453818012514,85.87254416863998,85.87786772201949
5168,18.0,49.614231586715505,19.49235834584904,19.766462333437772,19.771616950456362
4412,61.0,60.71163589412541,60.48458687380422,60.19962693713767,60.19973200079282
2908,93.0,66.26033804783036,90.66838699316654,92.02336229296034,92.03178438021098
5971,56.0,66.26033804783036,53.95715638328758,54.632327573905094,54.628198122465015
3768,69.0,57.93728481727293,71.9063533657023,71.25536736685632,71.25650061024851
4950,55.0,46.83988050986302,53.34876576600649,51.90526864690159,51.9034755418048
5763,63.0,49.614231586715505,58.243101767387934,58.776385235686924,58.774852146219466
3261,95.0,66.26033804783036,93.72765621065645,94.98980285045478,94.99930196724553
8332,81.0,63.48598697097789,81.6950253684652,81.27890901370463,81.28368359617394
1677,55.0,60.71163589412541,56.40556125048434,55.932795809824505,55.932193771460895
8557,89.0,66.26033804783036,84.54984855818671,86.39376949562777,86.40011024922704
2569,37.0,44.065529433010546,43.35564773547519,41.53910050876981,41.53916769707587
8007,55.0,60.71163589412541,55.385804844654366,55.53498206396178,55.53409882514871
6872,17.0,46.83988050986302,18.67704796778748,17.89523144424757,17.902383499296164
2598,86.0,60.71163589412541,89.0377662370434,87.75003815406885,87.75495929584875
5126,58.0,66.26033804783036,54.976912789117556,56.84618495437876,56.842313313440876
4359,27.0,52.38858266356798,24.38669434723049,24.453422681853286,24.455781894168727
8356,61.0,52.38858266356798,59.058412145449495,58.61171779487455,58.61103370006925
6795,43.0,46.83988050986302,45.19071451936672,44.53030972940576,44.530695093280244
1411,73.0,60.71163589412541,74.76117655542382,74.59045603195136,74.59284138463369
1299,35.0,46.83988050986302,37.03266327272695,35.60315303793662,35.60559790228308
2071,34.0,46.83988050986302,31.933881243577098,32.09721150189122,32.100938541151194
6816,31.0,52.38858266356798,32.54474559387026,31.70190366237977,31.70367648169579
2457,81.0,66.26033804783036,88.62887418150659,87.05801267458008,87.06574698115908
8386,38.0,57.93728481727293,37.2346355674833,35.46555834737423,35.46368736755372
589,47.0,57.93728481727293,49.471712437442946,49.9084556224735,49.90774658577409
1003,61.0,57.93728481727293,63.74830211906254,64.12564497583602,64.12628025517591
5030,36.0,60.71163589412541,36.010433133884916,36.02796186794863,36.02382941269606
6151,63.0,57.93728481727293,64.76805852489251,62.9753784375026,62.97587569276153
9565,67.0,60.71163589412541,64.5636124971241,64.22122153797528,64.22188945266838
204,38.0,60.71163589412541,40.08945875720481,40.34195479974362,40.338413104215405
1486,35.0,60.71163589412541,36.010433133884916,36.320360198906,36.31625565233985
646,34.0,52.38858266356798,35.604014811360166,35.90636368949225,35.90789276904931
9831,57.0,55.162933740420456,58.85396611768109,57.0201818472741,57.02019323762085
1598,59.0,49.614231586715505,58.243101767387934,59.148099699131826,59.14652912667554
3544,66.0,44.065529433010546,68.84955788122446,67.112252253663,67.10351819714515
1799,46.0,52.38858266356798,43.76206605799994,44.3969816294139,44.39771363264359
3088,61.0,57.93728481727293,62.72854571323257,63.44632288571489,63.44678201903646
4283,51.0,57.93728481727293,51.51122524910289,51.325151593896535,51.3247233236818
6645,55.0,57.93728481727293,53.55073806076283,53.01658341265617,53.0161620744717
8004,78.0,63.48598697097789,77.61599974514532,76.19293468470015,76.19649432803892
8301,37.0,55.162933740420456,38.45883800108167,38.23100692782404,38.23098480692906
9851,81.0,55.162933740420456,80.26885064011049,79.47431581528568,79.47436066856551
8326,75.0,55.162933740420456,75.17006861096063,76.31470691160126,76.31488023695796
2618,61.0,52.38858266356798,62.11768136293941,61.477062246483555,61.476108743781666
8066,57.0,55.162933740420456,57.83420971185112,57.25020907803077,57.25026714541276
2282,46.0,52.38858266356798,45.80157886965988,45.27604274340403,45.27653076795059
3146,72.0,52.38858266356798,73.33500182706909,75.10326950779339,75.10149949916847
6452,64.0,63.48598697097789,63.339410063525726,64.72969075714607,64.72971953980584
8477,63.0,66.26033804783036,63.13496403575732,63.40877316710509,63.40776092899083
2976,18.0,46.83988050986302,19.696804373617447,20.736929801340636,20.743874226999885
2772,63.0,57.93728481727293,61.7087893074026,63.43788608691783,63.438416426317076
2464,59.0,55.162933740420456,59.87372252351106,59.728629770476,59.728622778130074
1069,52.0,46.83988050986302,54.36852217183645,55.140461440837456,55.13851285684737
2681,47.0,49.614231586715505,44.98626849159831,45.101150048777235,45.102023415146405
9495,29.0,44.065529433010546,34.17784008300545,32.953957140641734,32.95725732150873
417,72.0,66.26033804783036,70.27325887656711,71.65660776845309,71.65803164173087
1906,27.0,46.83988050986302,29.894368431917155,30.35184538172797,30.356130075854768
8944,37.0,60.71163589412541,38.04994594554486,37.30051741878156,37.29672201359274
4032,57.0,63.48598697097789,58.240628034375874,57.12657073001161,57.12514218398492
2213,28.0,49.614231586715505,26.63065318665884,25.064931794128242,25.068747263698075
3928,58.0,66.26033804783036,61.09545122409738,60.84426384525051,60.842419961139925
9756,69.0,52.38858266356798,69.2559762037492,69.33817490791056,69.33677716937324
7525,49.0,52.38858266356798,49.88060449297976,50.4740031649929,50.47436484521985
7042,78.0,46.83988050986302,74.76365028843587,76.72397109365596,76.7166755235707
8166,90.0,57.93728481727293,88.22245585898185,89.68358742501034,89.68625403609786
1960,68.0,60.71163589412541,69.66239452627396,68.39127586842295,68.39285569327858
7272,15.0,44.065529433010546,15.822224778065973,16.065178748644016,16.074928006576833
8060,75.0,55.162933740420456,75.17006861096063,76.05858039842676,76.05856465606021
386,56.0,52.38858266356798,54.979386522129616,55.13187554124698,55.131646401916676
2764,55.0,46.83988050986302,55.388278577666426,55.54239267647731,55.540072451405045
4232,40.0,49.614231586715505,42.94675567993837,42.27639672397102,42.27751924277822
9849,73.0,63.48598697097789,69.45794849850554,68.90818188639079,68.90966839776141
7115,41.0,55.162933740420456,39.47859440691165,39.978826235889194,39.978979507573456
8471,32.0,55.162933740420456,33.36005597193182,33.03549969413706,33.03545550125639
2978,81.0,57.93728481727293,82.10391742400202,81.40791780467656,81.4100893312091
2543,60.0,66.26033804783036,62.11520762992735,62.92075330205587,62.9193041456747
3056,47.0,57.93728481727293,47.43219962578301,48.408326028785794,48.40761372693292
1756,48.0,44.065529433010546,50.49394257628498,49.34627886879319,49.3439101632819
7863,36.0,55.162933740420456,37.43908159525171,36.818630265420936,36.81855642799469
6697,71.0,44.065529433010546,69.86931428705442,70.92135172281465,70.91238504165877
7995,77.0,66.26033804783036,74.35228449988699,74.95603778370767,74.95881077887887
6978,62.0,63.48598697097789,65.37892287518567,65.85398839761176,65.85462262357032
7494,76.0,46.83988050986302,76.80316310009582,77.6030322076461,77.59514007337714
8050,27.0,52.38858266356798,27.4459635647204,27.80246768949158,27.804589069473664
2874,43.0,49.614231586715505,43.96651208576834,43.16202851564016,43.162899115303546
5843,66.0,57.93728481727293,64.76805852489251,63.54928511271837,63.549793368607716
85,81.0,66.26033804783036,80.47082293486682,78.85302056869398,78.85779707888285
7406,70.0,57.93728481727293,73.94586617736225,72.1453184675454,72.14660513449746
159,42.0,46.83988050986302,43.151201707706775,42.30124305321321,42.3021544963913
9191,74.0,60.71163589412541,77.82044577291373,77.26449825848844,77.26740385377363
7134,47.0,66.26033804783036,45.79910513664782,44.74865975707635,44.74163527471647
3134,62.0,52.38858266356798,64.15719417459935,64.0996233595189,64.09854851351001
6185,72.0,52.38858266356798,72.31524542123911,70.66221157224523,70.66047027405443
990,75.0,44.065529433010546,73.9483399103743,72.63642963609021,72.62582147370487
6583,84.0,63.48598697097789,86.79380739761505,85.41680901614657,85.42288529003498
5452,61.0,46.83988050986302,64.56608623013616,64.80253882570659,64.79781416788967
5727,86.0,66.26033804783036,85.56960496401668,86.74853892678581,86.75524140622326
1901,76.0,60.71163589412541,75.78093296125378,74.80785753944112,74.81056524243854
801,92.0,60.71163589412541,91.07727904870335,92.2534671898177,92.25878158469034
620,62.0,55.162933740420456,62.932991741000976,61.972905742387425,61.9729991229343
901,32.0,44.065529433010546,36.21735289466539,35.41059785968907,35.413038176342155
5381,72.0,63.48598697097789,70.47770490433552,71.24079785637066,71.2427800168188
9094,68.0,52.38858266356798,67.21646339208927,66.1525971063584,66.1513545272401
749,69.0,60.71163589412541,70.68215093210392,69.60146031905518,69.60321966957311
8176,17.0,46.83988050986302,20.71656077944742,19.885834090886384,19.892572742048955
4175,39.0,46.83988050986302,39.072176084386896,37.640917489057244,37.6428326072233
6142,63.0,44.065529433010546,62.73101944624463,62.10372793602801,62.09703823020146
1558,15.0,44.065529433010546,13.782711966406026,15.604993902580595,15.615362192164149
4274,37.0,66.26033804783036,36.62129748417808,38.03349432496284,38.02329719756041
5116,59.0,49.614231586715505,58.243101767387934,57.862918425031985,57.86146276854207
4391,39.0,60.71163589412541,38.04994594554486,36.04071797576563,36.036831510763925
3979,48.0,55.162933740420456,46.616889247721446,46.526205152896644,46.52629956945454
6891,91.0,63.48598697097789,88.833320209275,89.58067791645624,89.58741216979564
1043,22.0,46.83988050986302,24.795586402767302,24.672637592011696,24.678190834216654
7130,48.0,49.614231586715505,44.98626849159831,44.935229654789225,44.935893378502314
183,74.0,66.26033804783036,74.35228449988699,75.15822999547855,75.16105147426899
2710,44.0,55.162933740420456,43.55762003023153,43.48044846291466,43.48058899810936
478,53.0,66.26033804783036,52.937399977457616,52.162343680256924,52.157767350591385
1449,64.0,46.83988050986302,67.62535544762608,67.33921312857538,67.33382343496145
9013,55.0,52.38858266356798,53.95963011629964,55.553204997075575,55.55311434803245
8874,66.0,46.83988050986302,65.58584263596613,65.32683050853868,65.32176458532588
9970,55.0,66.26033804783036,54.976912789117556,55.608165484760725,55.60429241749484
8406,66.0,49.614231586715505,66.4011530140277,66.79007511650111,66.78726513054033
7509,57.0,66.26033804783036,59.055938412437435,59.918040926778566,59.91567589989411
8663,20.0,49.614231586715505,20.512114751679015,19.287081086428415,19.29208059233664
2051,37.0,55.162933740420456,35.39956878359176,36.2859017837918,36.286064125088835
8776,57.0,57.93728481727293,56.610007278252745,55.64346383471144,55.6434146422988
7214,55.0,44.065529433010546,56.612481011264805,56.2356711091417,56.23124377108801
4831,26.0,49.614231586715505,28.670165998318783,27.62944111598283,27.63303047504733
1234,81.0,57.93728481727293,82.10391742400202,80.78007682805716,80.78209676985526
576,48.0,57.93728481727293,47.43219962578301,45.84568282804925,45.844692639209036
746,80.0,63.48598697097789,83.73453818012514,83.93774194452284,83.94293919564942
5029,46.0,66.26033804783036,50.89788716579767,49.449576448035096,49.444260572858
597,49.0,44.065529433010546,50.49394257628498,49.10104234231764,49.098529385825536
1578,40.0,66.26033804783036,41.72007951332793,41.044845318280004,41.03637474678824
9976,91.0,63.48598697097789,87.81356380344502,89.94807307088122,89.95445264490323
4956,81.0,63.48598697097789,80.67526896263523,81.23831788690184,81.24293643207943
6962,56.0,49.614231586715505,56.203588955727994,56.63752467868087,56.63632080083392
7410,62.0,57.93728481727293,60.68903290157263,59.574852316362566,59.575033964420136
2159,43.0,57.93728481727293,41.31366119080318,42.34219447990574,42.34083956129639
8943,82.0,63.48598697097789,80.67526896263523,80.5995869235835,80.60400906728421
584,76.0,60.71163589412541,80.87971499040364,81.63487867958894,81.63854349514747
8949,59.0,60.71163589412541,58.44507406214428,58.645563042046334,58.64534796369374
6836,57.0,46.83988050986302,54.36852217183645,54.757856990693604,54.75590107294991
6237,47.0,46.83988050986302,45.19071451936672,44.96007598403142,44.96035233936513
5208,42.0,46.83988050986302,42.13144530187681,42.4410641647834,42.44230729905496
4688,90.0,60.71163589412541,89.0377662370434,89.97723870914334,89.98231406186258
5851,62.0,63.48598697097789,63.339410063525726,62.98619075810086,62.986096905384514
1571,44.0,57.93728481727293,42.333417596633154,44.02518949986831,44.023912719366905
7954,66.0,49.614231586715505,66.4011530140277,67.02853914605484,67.02561648467649
3503,29.0,57.93728481727293,30.096340726673503,30.794929863303157,30.792698541787924
9921,72.0,46.83988050986302,73.7438938826059,73.3514103760518,73.34440720208703
3252,79.0,55.162933740420456,75.17006861096063,76.50600913667319,76.50618612890669
3795,81.0,63.48598697097789,81.6950253684652,82.58587026120237,82.59061956119018
8688,42.0,46.83988050986302,43.151201707706775,41.142539716082716,41.143384341257544
6916,39.0,46.83988050986302,40.09193249021686,40.88700026969206,40.88880472570726
9081,29.0,46.83988050986302,32.95363764940707,30.571113010335768,30.574599032659016
9190,48.0,60.71163589412541,48.247510003844575,47.143007042023676,47.1408017318993
3344,48.0,66.26033804783036,47.83861794830776,47.94512754532746,47.938874184042376
1831,59.0,57.93728481727293,63.74830211906254,62.82280121811542,62.823249670280845
3738,33.0,44.065529433010546,36.21735289466539,34.31671881066116,34.31927771015742
6611,38.0,60.71163589412541,42.12897156886474,42.85252982019457,42.849326601058124
2242,33.0,55.162933740420456,30.30078675444191,29.75127897460134,29.751393575775065
4255,40.0,44.065529433010546,39.2766221121553,37.84617605667242,37.84766265659346
4739,34.0,57.93728481727293,34.17536634999338,33.8491233520822,33.847039144977884
5879,64.0,60.71163589412541,69.66239452627396,67.43476474306333,67.43632623353494
1016,74.0,55.162933740420456,70.07128658181077,69.9174520260791,69.91744069408529
6422,65.0,46.83988050986302,66.6055990417961,66.88334759153189,66.87818895489613
6463,39.0,46.83988050986302,40.09193249021686,41.359810839022394,41.36160205385839
7305,28.0,46.83988050986302,20.71656077944742,21.809746328304577,21.816566464977626
4650,50.0,60.71163589412541,53.34629203299443,51.32395135917028,51.322702775950894
8639,26.0,44.065529433010546,25.000032430535704,25.415531017059774,25.42206194993889
205,18.0,49.614231586715505,19.49235834584904,21.11646789564019,21.12169299753885
9486,54.0,63.48598697097789,55.18135881688596,54.36232238428804,54.360129731465896
3405,24.0,52.38858266356798,25.406450753060458,25.334936983745298,25.33734453294802
5725,45.0,66.26033804783036,45.79910513664782,46.82082990486178,46.81379480752763
3233,69.0,60.71163589412541,66.60312530878404,67.49700545871394,67.49802651730602
3488,57.0,55.162933740420456,59.87372252351106,58.230366297906336,58.2303809211651
3698,62.0,49.614231586715505,63.341883796537786,64.49863734010788,64.49637220179952
6827,45.0,44.065529433010546,41.31613492381524,42.82241566175161,42.82322451708452
2320,53.0,66.26033804783036,52.937399977457616,54.133417722156935,54.12880653570748
6193,50.0,66.26033804783036,50.89788716579767,51.90435104596439,51.89903188956661
9569,26.0,55.162933740420456,29.28103034861194,27.866091742867898,27.866167868689573
8581,55.0,66.26033804783036,57.016425600777495,56.38613049286542,56.38287066885817
6080,35.0,46.83988050986302,33.97339405523704,33.030206917284985,33.03347797646528
5245,37.0,55.162933740420456,38.45883800108167,38.0827490174568,38.08281899704657
7136,62.0,66.26033804783036,60.07569481826741,61.03801925822432,61.036030624685246
6638,95.0,66.26033804783036,92.70789980482647,93.57742618805167,93.5865210028106
3510,83.0,57.93728481727293,86.1829430473219,84.99974615088851,85.00223695149921
2884,72.0,49.614231586715505,70.48017863734759,69.98840902587027,69.98480840698996
7428,66.0,63.48598697097789,67.41843568684561,68.7580578549055,68.75925900050217
345,67.0,49.614231586715505,67.42090941985767,68.6643723615356,68.66137974143416
1954,74.0,66.26033804783036,74.35228449988699,72.93102944040405,72.93369670825513
4911,23.0,49.614231586715505,22.551627563338954,22.111834411234632,22.116584764704818
145,100.0,66.26033804783036,95.76716902231638,96.73516897061803,96.74534448179388
6448,28.0,44.065529433010546,22.96051961887577,23.760371016083006,23.767615321646417
562,57.0,66.26033804783036,61.09545122409738,59.840590915409074,59.838845039208856
1115,70.0,52.38858266356798,69.2559762037492,67.99905933240709,67.99763592573214
5596,37.0,44.065529433010546,39.2766221121553,39.10597549968835,39.10755315942227
5927,64.0,49.614231586715505,59.26285817321791,59.19958081263357,59.197770362335746
2642,62.0,60.71163589412541,62.524099685464165,62.07147099427028,62.07171813284033
2459,53.0,46.83988050986302,53.34876576600649,54.323771427048015,54.32213619976738
4370,39.0,52.38858266356798,42.742309652169965,40.54072035578045,40.541536886817134
9269,72.0,55.162933740420456,68.03177377015083,68.79992688253525,68.80009591189186
8133,59.0,44.065529433010546,59.67175022875472,58.65358682250428,58.647904024577706
8989,61.0,46.83988050986302,61.50681701264625,60.7784910369671,60.77449784729433
667,60.0,49.614231586715505,60.28261457904787,60.6658917764403,60.664097334027474
7970,61.0,60.71163589412541,59.46483046797425,59.56334916172121,59.56328570034448
287,67.0,44.065529433010546,60.691506634584684,60.93226849108052,60.9263237335015
9874,37.0,57.93728481727293,37.2346355674833,36.284701549065545,36.28298582085627
2221,66.0,44.065529433010546,65.79028866373454,65.97951781440027,65.97192430178892
8442,61.0,63.48598697097789,60.28014084603581,59.49977782679427,59.49900096713682
6814,53.0,46.83988050986302,53.34876576600649,52.10746085867247,52.10571623719492
9752,45.0,44.065529433010546,44.375404141305154,45.55039218969232,45.55027523697961
6384,25.0,46.83988050986302,23.775829996937333,25.014650915352753,25.020584332270428
8340,68.0,44.065529433010546,71.90882709871437,72.00260504857565,71.99291399410507
4584,65.0,49.614231586715505,66.4011530140277,66.39658067965831,66.39371854320149
3814,64.0,57.93728481727293,62.72854571323257,63.06371843557105,63.064170235139
7127,27.0,55.162933740420456,27.241517536951996,27.023302446660633,27.023285099378324
261,28.0,49.614231586715505,27.65040959248881,25.946446096020253,25.950221756102227
8473,55.0,52.38858266356798,57.018899333789555,56.67504944963937,56.67456675732354
764,86.0,57.93728481727293,81.08416101817204,82.46120572690168,82.46327892604958
6763,76.0,66.26033804783036,77.4115537173769,77.42788779847388,77.43166143087952
8751,60.0,49.614231586715505,60.28261457904787,58.0669767579209,58.065065587557555
7447,82.0,63.48598697097789,83.73453818012514,84.5764729078412,84.58186656044464
3815,90.0,57.93728481727293,86.1829430473219,86.158449488019,86.16100710663297
2695,96.0,63.48598697097789,93.93210223842485,95.5776658682138,95.58559789763633
503,24.0,49.614231586715505,21.53187115750898,21.118334016758233,21.12305512116422
1260,77.0,66.26033804783036,79.45106652903685,78.61023723012032,78.61472107302308
1024,81.0,60.71163589412541,85.97849701955349,83.92818257710022,83.93256147501643
6478,79.0,55.162933740420456,82.30836345177042,80.07186858501738,80.0718626604204
7274,59.0,60.71163589412541,55.385804844654366,55.397614140293484,55.39686781870761
6293,21.0,46.83988050986302,21.736317185277393,21.781911309318772,21.78846881345042
314,44.0,52.38858266356798,44.781822463829904,45.469798156377834,45.4705821633716
5447,62.0,44.065529433010546,61.71126304041466,62.96159614340408,62.955457284847746
886,73.0,57.93728481727293,69.86684055404237,70.96110291478091,70.96218336872853
3626,30.0,52.38858266356798,28.46571997055037,28.832239901750835,28.834317518135435
2914,55.0,49.614231586715505,52.12456333240811,54.10330356371397,54.10288074448415
2232,57.0,55.162933740420456,54.77494049436121,56.12836462546698,56.12855029699626
1542,65.0,52.38858266356798,63.13743776876938,64.32965059027556,64.32871056767706
5943,59.0,60.71163589412541,63.54385609129413,63.25627361381861,63.25690625383021
4487,66.0,63.48598697097789,65.37892287518567,65.38117782828141,65.3818252954192
9562,53.0,55.162933740420456,48.656402059381385,50.827441976874624,50.82752857740547
1735,71.0,44.065529433010546,70.88907069288439,72.26890409711518,72.25945114614356
1840,58.0,55.162933740420456,56.81445330602115,55.747626296441176,55.74765322222472
7833,17.0,44.065529433010546,15.822224778065973,15.707956129584076,15.71749207798402
8136,47.0,66.26033804783036,43.75959232498788,43.18370587528606,43.175963848675444
2617,74.0,49.614231586715505,75.57896066649744,75.42238028911099,75.4178076030474
8974,79.0,66.26033804783036,76.39179731154694,77.56770891004408,77.5711972089172
2414,66.0,57.93728481727293,66.80757133655246,66.31598664634383,66.31684615359791
7858,78.0,66.26033804783036,82.51033574652676,80.0784143150451,80.08399680309266
8728,87.0,57.93728481727293,87.20269945315187,87.12339741217569,87.125902159096
9791,37.0,63.48598697097789,38.86525632360643,37.092805663264514,37.08632577674589
7553,65.0,49.614231586715505,64.36164020236777,64.94361289045241,64.94116002479858
2254,78.0,52.38858266356798,78.43378385621895,80.00637841052303,80.00416183332166
4074,41.0,49.614231586715505,37.84797365078852,36.799381146025624,36.80137996465453
9585,41.0,63.48598697097789,37.84549991777646,39.109377207771075,39.10289796189996
805,28.0,46.83988050986302,23.775829996937333,24.48378855484166,24.48980673849049
4869,81.0,60.71163589412541,82.91922780206357,82.65130771724736,82.65512051514641
7963,50.0,52.38858266356798,51.9201173046397,50.970459828839175,50.9705701966294
8713,88.0,63.48598697097789,89.85307661510498,89.18473029171156,89.19147266448508
8400,93.0,66.26033804783036,91.6881433989965,91.2733626883915,91.28222026758107
7576,76.0,66.26033804783036,77.4115537173769,77.4818220998775,77.48573631638715
5684,71.0,55.162933740420456,69.0515301759808,69.76487480669192,69.76490281797973
3141,82.0,66.26033804783036,83.53009215235673,83.21251100309553,83.21853079506613
3767,68.0,63.48598697097789,64.3591664693557,64.97247409571975,64.97270739929048
2269,93.0,66.26033804783036,91.6881433989965,92.27703561823294,92.28579518951213
1889,63.0,49.614231586715505,63.341883796537786,61.74469191429941,61.7421452221269
3518,54.0,57.93728481727293,56.610007278252745,55.78083175837974,55.78064564873989
6203,81.0,52.38858266356798,82.51280947953882,83.55104495225316,83.54855882042325
9523,56.0,63.48598697097789,59.26038444020585,58.874390038076754,58.873401323754734
9606,87.0,63.48598697097789,91.89258942676491,90.42101402476163,90.428430899386
3967,67.0,52.38858266356798,66.1967069862593,67.19499504188458,67.19378561138947
446,96.0,66.26033804783036,95.76716902231638,95.63039993489116,95.64064921216776
781,50.0,55.162933740420456,51.7156712768713,53.01778364738242,53.01783003670206
2430,62.0,52.38858266356798,60.07816855127947,60.22628666904853,60.2256146280186
2696,42.0,46.83988050986302,41.111688896046836,41.41129195252414,41.41275514314346
6153,62.0,63.48598697097789,59.26038444020585,59.77696686203275,59.77585589799074
9265,62.0,57.93728481727293,61.7087893074026,61.07743509795217,61.077736033983314
7255,81.0,66.26033804783036,81.4905793406968,81.03060613138479,81.03580161111269
2245,38.0,49.614231586715505,39.88748646244846,40.43650517560134,40.438153167005055
3593,32.0,44.065529433010546,32.1383272713455,32.01007173854904,32.01395937550352
9876,71.0,66.26033804783036,75.37204090571697,74.5886426292827,74.59185845014642
277,73.0,66.26033804783036,69.25350247073715,68.47534927592085,68.47645218756998
7491,63.0,66.26033804783036,62.11520762992735,62.144654415069226,62.143145774438395
2753,31.0,44.065529433010546,28.05930164802562,29.7682489545395,29.773650729798653
8613,49.0,46.83988050986302,47.23022733102666,48.92175267257023,48.92158076723402
5675,80.0,57.93728481727293,81.08416101817204,81.69599682661399,81.69805535825466
8241,74.0,52.38858266356798,70.27573260957918,70.75055157031366,70.74911740193247
7677,16.0,44.065529433010546,16.84198118389594,16.051835574043174,16.060983260537746
5416,49.0,52.38858266356798,45.80157886965988,46.232553868763645,46.23306022769424
7166,71.0,60.71163589412541,72.72166374376387,71.25662032003194,71.25872405436724
2296,98.0,63.48598697097789,93.93210223842485,95.05769349440165,95.06575510729778
1672,52.0,60.71163589412541,53.34629203299443,53.540261927545835,53.53912273852336
7010,27.0,52.38858266356798,24.38669434723049,25.814318230754655,25.816792744692606
2655,43.0,55.162933740420456,43.55762003023153,43.48044846291466,43.48058899810936
1778,72.0,44.065529433010546,70.88907069288439,71.74893172330303,71.739608355805
9290,35.0,55.162933740420456,37.43908159525171,36.00625956065143,36.006287398012354
515,40.0,66.26033804783036,38.66081029583802,38.82234931976648,38.81281025236514
6797,55.0,60.71163589412541,55.385804844654366,56.682795414393325,56.681934176841075
1042,45.0,66.26033804783036,45.79910513664782,45.1312642072202,45.12424705861393
1814,37.0,52.38858266356798,35.604014811360166,35.964415480673004,35.965873034678125
6184,72.0,55.162933740420456,71.09104298764075,71.7015431519271,71.70154605347572
8704,89.0,66.26033804783036,89.64863058733656,89.80950491248666,89.81766918923509
9666,61.0,44.065529433010546,60.691506634584684,60.40140613056943,60.39554613972156
7339,64.0,49.614231586715505,63.341883796537786,62.31859858951518,62.31606289797308
485,20.0,46.83988050986302,20.71656077944742,20.69820479565589,20.704841772031287
4062,52.0,66.26033804783036,50.89788716579767,51.4206504899351,51.41529975797409
9891,53.0,57.93728481727293,53.55073806076283,53.69158619375738,53.69120009801294
2499,80.0,57.93728481727293,81.08416101817204,83.03511240211746,83.03719660189576
6406,20.0,52.38858266356798,22.34718153557055,20.975446549343758,20.9779330123918
7263,25.0,46.83988050986302,28.874612026087185,27.307954812864033,27.312398652760926
2281,69.0,66.26033804783036,67.2139896590772,67.73365608559901,67.73398459495267
5012,56.0,60.71163589412541,54.36604843882439,54.367841928034224,54.366874930920424
5167,50.0,55.162933740420456,51.7156712768713,52.916687541496984,52.916709689007
3015,43.0,44.065529433010546,40.296378517985275,40.40636606950707,40.407573801719636
6087,22.0,46.83988050986302,22.75607359110736,21.540994091863162,21.547195663091706
3611,67.0,46.83988050986302,68.64511185345604,67.28959813619169,67.28385617655147
836,49.0,66.26033804783036,47.83861794830776,48.74660826339802,48.74020841058333
2626,37.0,44.065529433010546,36.21735289466539,37.48954050439633,37.49222713247352
6913,44.0,49.614231586715505,46.00602489742828,47.40521354843739,47.40579527212511
6206,54.0,63.48598697097789,50.08257678773611,50.3146285010326,50.31111358185853
7736,43.0,57.93728481727293,42.333417596633154,41.527370587234344,41.526001320592044
5225,33.0,57.93728481727293,34.17536634999338,33.13784875319813,33.13589046269061
7756,94.0,63.48598697097789,92.91234583259488,92.7790118258254,92.78671837374803
52,75.0,57.93728481727293,69.86684055404237,71.5889438914003,71.59017593008235
3665,41.0,55.162933740420456,38.45883800108167,39.38971026495454,39.38975496206282
9776,26.0,44.065529433010546,30.098814459685563,29.845829350459066,29.85060476031388
6937,24.0,49.614231586715505,27.65040959248881,25.75514387094833,25.758915864153497
7091,61.0,46.83988050986302,59.467304200986305,60.473336598192745,60.46995097333406
3825,60.0,60.71163589412541,58.44507406214428,59.028167492190185,59.0279597475912
2953,44.0,63.48598697097789,44.98379475858625,44.92781904227368,44.92295618861006
5831,66.0,60.71163589412541,62.524099685464165,63.193902513617914,63.19437762922806
2554,73.0,44.065529433010546,71.90882709871437,71.07147575429993,71.06156038966607
7883,35.0,44.065529433010546,31.118570865515537,30.518378943658394,30.52263284125743
6667,45.0,57.93728481727293,42.333417596633154,43.45128282465254,43.449995043520715
2716,49.0,66.26033804783036,49.878130759967696,50.78437271451864,50.77867716477547
1174,35.0,60.71163589412541,31.931407510565037,32.28110311444762,32.2761339737027
5177,90.0,60.71163589412541,90.05752264287338,89.88457940205497,89.88964745326206
2303,35.0,46.83988050986302,37.03266327272695,37.065144692723436,37.06772910050202
9130,51.0,57.93728481727293,54.570494466592805,53.551765082187195,53.55139988084984
4901,33.0,55.162933740420456,34.379812377761795,33.433313439999786,33.43337415481831
5446,56.0,52.38858266356798,58.03865573961953,59.43743167424489,59.43698303696526
7718,35.0,52.38858266356798,38.663284028850086,37.95256493940993,37.953669359459184
7502,84.0,66.26033804783036,83.53009215235673,83.64227725772118,83.64818804115102
227,63.0,44.065529433010546,61.71126304041466,63.492458503915174,63.486234878627684
247,77.0,55.162933740420456,78.22933782845054,77.63874357593592,77.63883778076458
8091,72.0,52.38858266356798,72.31524542123911,71.38437615782826,71.38255375978311
2779,51.0,57.93728481727293,51.51122524910289,52.574061050213516,52.57367902306923
1253,57.0,63.48598697097789,56.201115222715934,55.626441136323905,55.6246567396432
3151,46.0,63.48598697097789,41.924525541096344,43.09469999082582,43.08929734053004
8083,59.0,49.614231586715505,61.30237098487785,60.23367233391275,60.23160643809517
1828,46.0,46.83988050986302,44.17095811353675,42.59118819626869,42.59165893981253
4415,46.0,63.48598697097789,46.00355116441622,44.953918324691514,44.94946230084132
9351,87.0,55.162933740420456,85.36763266926033,85.29089152867024,85.29085311227178
3887,42.0,46.83988050986302,43.151201707706775,43.94364694637299,43.94465678311758
3294,23.0,52.38858266356798,28.46571997055037,28.301377541239738,28.303539924355498
2808,32.0,63.48598697097789,33.76647429445657,32.96579564752153,32.958058886326235
4206,39.0,44.065529433010546,42.335891329645214,43.1191333017289,43.11967023745082
4784,79.0,49.614231586715505,77.61847347815737,76.83907626053403,76.83425546270428
1915,85.0,57.93728481727293,84.14343023566195,84.5395613048251,84.54178967333513
3573,67.0,55.162933740420456,67.01201736432085,65.3625418768285,65.36255346233375
7433,20.0,46.83988050986302,24.795586402767302,23.950473006428673,23.95610734848799
7928,70.0,66.26033804783036,73.33252809405703,71.52954276469988,71.5318505472616
6873,59.0,66.26033804783036,60.07569481826741,58.6666782825597,58.66441542891009
2582,61.0,55.162933740420456,59.87372252351106,60.26626462790891,60.26642979523022
2163,68.0,46.83988050986302,71.70438107094596,70.77601106749827,70.76936548004666
8789,59.0,66.26033804783036,57.016425600777495,55.85526813235432,55.85209307507823
3966,33.0,44.065529433010546,32.1383272713455,30.90530270282217,30.909264105877394
7056,77.0,49.614231586715505,78.63822988398735,79.34533197196505,79.34026801507311
9902,79.0,63.48598697097789,79.65551255680526,79.34224066846946,79.34651148242713
7989,65.0,63.48598697097789,62.31965365769575,63.47234450203203,63.472221954948765
2658,76.0,60.71163589412541,77.82044577291373,77.12713033482015,77.13017284733253
1652,40.0,46.83988050986302,41.111688896046836,41.129783608265726,41.13126370694106
7373,49.0,49.614231586715505,47.025781303258256,46.160623401140334,46.16103534621047
4727,63.0,63.48598697097789,60.28014084603581,60.27587671378092,60.27515933837313
4940,74.0,46.83988050986302,71.70438107094596,72.66365148713359,72.6572485442293
6557,47.0,46.83988050986302,49.2697401426866,50.194308223403155,50.19359190437932
1372,95.0,60.71163589412541,91.07727904870335,92.72627775914805,92.73157891284147
1515,37.0,55.162933740420456,36.41932518942173,36.103036357516935,36.10303567948434
809,41.0,46.83988050986302,43.151201707706775,43.842550840487554,43.84353643542252
3383,63.0,66.26033804783036,61.09545122409738,62.67796996348221,62.67622813981493
867,46.0,55.162933740420456,45.59713284189147,45.13560846389143,45.135740797402946
2235,73.0,46.83988050986302,75.78340669426584,75.52654275084072,75.51887291346834
6031,32.0,57.93728481727293,29.076584320843534,30.29602001155499,30.293571394155812
2645,87.0,60.71163589412541,82.91922780206357,83.71980493519136,83.7237051260265
949,38.0,57.93728481727293,38.254391973313275,37.30358377462586,37.30195575882692
3493,52.0,66.26033804783036,50.89788716579767,51.53263658251949,51.52735490911054
4512,67.0,57.93728481727293,68.84708414821239,68.45484720334989,68.4559063772343
2219,37.0,46.83988050986302,38.05241967855692,40.42681542362864,40.42906261854429
6650,66.0,60.71163589412541,66.60312530878404,65.82921973447024,65.8303483752751
838,34.0,44.065529433010546,28.05930164802562,29.630881030871205,29.636419723357562
3293,59.0,66.26033804783036,59.055938412437435,58.65824148376264,58.655785397065294
4045,39.0,66.26033804783036,37.64105389000805,37.59038489573635,37.58040037643755
401,24.0,44.065529433010546,22.96051961887577,23.233626145349042,23.240743107987655
7893,58.0,55.162933740420456,54.77494049436121,56.55813088009264,56.55820754308114
6186,94.0,60.71163589412541,89.0377662370434,90.74244760943104,90.7475376296575
3561,43.0,52.38858266356798,43.76206605799994,43.100910368615104,43.10171247106874
1905,68.0,49.614231586715505,64.36164020236777,65.46358526426457,65.46100281513714
149,60.0,52.38858266356798,60.07816855127947,61.374100019480075,61.37344997971097
3154,95.0,66.26033804783036,95.76716902231638,96.6340728647326,96.64422413409883
5409,46.0,60.71163589412541,47.2277535980146,44.828053555664575,44.82574248597865
4550,52.0,60.71163589412541,50.287022815504514,51.06841191277963,51.066800964773535
2828,38.0,57.93728481727293,37.2346355674833,36.667305999209404,36.66559760475372
7927,67.0,55.162933740420456,69.0515301759808,69.75398481999298,69.75396801453834
4129,73.0,46.83988050986302,73.7438938826059,74.31881148811037,74.31187146527206
8246,37.0,52.38858266356798,32.54474559387026,31.738175480162628,31.739787140441823
7561,62.0,60.71163589412541,62.524099685464165,62.42869361333022,62.42915406143314
2785,61.0,46.83988050986302,60.48706060681628,61.503108810452,61.499503129245554
7796,71.0,52.38858266356798,74.35475823289906,73.12974227799151,73.12771481058009
7776,29.0,52.38858266356798,29.485476376380344,28.161556429669556,28.16356341444212
1183,74.0,49.614231586715505,69.46042223151761,70.6482025112526,70.64471585361702
7892,32.0,52.38858266356798,29.485476376380344,31.190237702814617,31.19225240699692
7003,59.0,46.83988050986302,61.50681701264625,60.73132923248529,60.7274523851069
95,30.0,49.614231586715505,27.65040959248881,27.679056108366517,27.68290958708217
2905,29.0,46.83988050986302,23.775829996937333,24.776186885799017,24.782232978134275
2403,57.0,46.83988050986302,56.4080349834964,56.986923666886156,56.98444166983885
1118,77.0,49.614231586715505,73.5394478548375,73.82115458953785,73.817083274762
6701,58.0,60.71163589412541,55.385804844654366,56.253029159767664,56.252276930756196
3068,72.0,57.93728481727293,73.94586617736225,73.35795610607951,73.35945017513886
1288,50.0,55.162933740420456,51.7156712768713,49.79780014916544,49.79783515219853
2467,65.0,52.38858266356798,67.21646339208927,65.86019877540103,65.85892828759631
9592,24.0,52.38858266356798,22.34718153557055,23.000454892647383,23.003047083015538
9361,28.0,55.162933740420456,25.202004725292053,26.33554355774243,26.33559756326977
2305,59.0,49.614231586715505,58.243101767387934,59.158989685830775,59.157463930116926
9312,30.0,55.162933740420456,32.34029956610185,31.677057333137576,31.67710200782966
2847,51.0,66.26033804783036,49.878130759967696,49.816971602460065,49.811212901590444
5661,21.0,44.065529433010546,17.861737589725912,18.958358219238818,18.96739553081536
7313,85.0,60.71163589412541,84.95874061372352,85.22670702580089,85.23104370093816
9059,71.0,49.614231586715505,67.42090941985767,67.83433917314534,67.83114648469022
6143,44.0,52.38858266356798,43.76206605799994,43.924171060083566,43.92491630449246
6092,71.0,66.26033804783036,72.31277168822706,71.42000986001739,71.42210016772174
5112,81.0,66.26033804783036,82.51033574652676,82.82558724393175,82.83119435944506
8257,57.0,55.162933740420456,59.87372252351106,58.56992643334551,58.56985262299631
7733,24.0,49.614231586715505,23.571383969168927,23.639799023908147,23.644198250447225
2447,45.0,46.83988050986302,45.19071451936672,47.07529044652153,47.07565195424253
1241,50.0,52.38858266356798,45.80157886965988,47.5462876131832,47.547025616030695
2261,90.0,66.26033804783036,92.70789980482647,90.64984102079205,90.65895235795087
1633,39.0,46.83988050986302,36.012906866896984,35.98143817906055,35.984102059082886
7347,81.0,60.71163589412541,81.89947139623361,83.8487360600626,83.85248239337307
9347,40.0,63.48598697097789,37.84549991777646,38.875030667994466,38.86845198788499
6869,42.0,63.48598697097789,40.90476913526637,39.859507196889965,39.85373114723664
9488,68.0,66.26033804783036,69.25350247073715,69.18662387480491,69.18760086985725
6401,72.0,57.93728481727293,71.9063533657023,69.97018609275648,69.97143425211505
4095,32.0,57.93728481727293,31.116097132503473,31.377273337315987,31.374981810353486
4193,26.0,44.065529433010546,29.07905805385559,28.72585101901332,28.730955206523856
5665,76.0,55.162933740420456,70.07128658181077,71.22029578379971,71.22047127898036
1597,42.0,60.71163589412541,44.16848438052469,44.26922579161761,44.266479631716116
9944,69.0,49.614231586715505,68.44066582568765,69.30065013695207,69.29747345638197
7610,74.0,44.065529433010546,70.88907069288439,71.85002782918846,71.84072870350008
9333,36.0,49.614231586715505,34.788704433298605,34.36380294904227,34.36622660615241
6761,66.0,66.26033804783036,66.19423325324723,66.02888109223855,66.02877739087397
5636,84.0,60.71163589412541,83.93898420789355,83.52193203244042,83.52601278960972
323,58.0,49.614231586715505,58.243101767387934,57.617681898556434,57.61608199108571
8375,65.0,60.71163589412541,64.5636124971241,62.82405417129106,62.82476794339846
9723,26.0,49.614231586715505,24.591140374998897,25.636972348225974,25.641302815918895
5148,94.0,60.71163589412541,91.07727904870335,89.83496440967127,89.84012092672776
8143,66.0,60.71163589412541,65.58336890295408,66.00531266382329,66.00617110480908
840,27.0,46.83988050986302,27.85485562025721,28.1658230202401,28.17072956103207
6967,59.0,57.93728481727293,56.610007278252745,58.199334538526166,58.199306306702475
5543,69.0,46.83988050986302,65.58584263596613,67.1242648089875,67.11946210525485
7638,86.0,57.93728481727293,82.10391742400202,83.86269240260584,83.8648606479177
4687,67.0,63.48598697097789,68.43819209267558,67.59690132987313,67.59809592739668
7627,90.0,63.48598697097789,85.77405099178509,86.71533346484723,86.72127936958157
2725,100.0,66.26033804783036,96.78692542814636,98.42905397727955,98.43961688243121
3541,22.0,44.065529433010546,22.96051961887577,22.410365453880587,22.41753927456392
4108,15.0,46.83988050986302,18.67704796778748,17.88434145754863,17.891448695854777
440,45.0,55.162933740420456,41.518107218571586,43.40286806699509,43.40292979659303
8144,39.0,52.38858266356798,40.702796840510025,40.27183773478896,40.27274808610235
1394,96.0,66.26033804783036,96.78692542814636,96.84058438552341,96.85118948121257
8941,37.0,44.065529433010546,42.335891329645214,41.38652328938264,41.38698240647088
1904,72.0,55.162933740420456,73.13055579930068,73.2664970337174,73.26651230851564
81,49.0,49.614231586715505,48.04553770908822,49.836472436400804,49.836752857154444
432,50.0,44.065529433010546,47.43467335879507,47.67590957209754,47.674509250825515
9709,16.0,46.83988050986302,16.637535156127534,18.217917982092622,18.225829186689715
2366,45.0,63.48598697097789,50.08257678773611,49.16681515060105,49.163278230166156
7078,87.0,57.93728481727293,86.1829430473219,85.20193836265939,85.20447764688933
450,79.0,66.26033804783036,81.4905793406968,81.1747465519749,81.18006204087399
3136,46.0,57.93728481727293,44.372930408293094,44.33034393864266,44.329164764328276
5742,46.0,44.065529433010546,42.335891329645214,42.92783107665698,42.92836434550209
3429,59.0,52.38858266356798,64.15719417459935,61.93724709254697,61.93620343644518
1566,83.0,63.48598697097789,88.833320209275,89.23434528409526,89.24091104464422
9020,85.0,57.93728481727293,85.16318664149193,84.55477060054397,84.55718468937474
9452,47.0,52.38858266356798,46.821335275489844,47.17211996183642,47.17260313210234
7093,37.0,63.48598697097789,35.80598710611652,35.97096121070072,35.96381561095315
9735,47.0,52.38858266356798,49.88060449297976,49.97941262226467,49.97969791018595
5681,92.0,63.48598697097789,92.91234583259488,93.41097029222195,93.41861631522303
4656,84.0,60.71163589412541,86.99825342538347,87.8855399566191,87.89012300766336
2788,78.0,60.71163589412541,81.89947139623361,81.91393383594547,81.91755386700301
8387,31.0,44.065529433010546,30.098814459685563,29.452334913616273,29.45705817297504
8211,60.0,52.38858266356798,60.07816855127947,60.69909723837887,60.69841195616972
9281,89.0,63.48598697097789,91.89258942676491,91.17533293835038,91.18271966373952
6230,44.0,44.065529433010546,49.474186170455006,48.13609441816096,48.1340750652382
7424,76.0,55.162933740420456,75.17006861096063,75.01186315388065,75.01184965206289
3491,19.0,46.83988050986302,21.736317185277393,21.62688090202972,21.633273580247725
7322,40.0,55.162933740420456,39.47859440691165,40.20640027874398,40.206396058268226
9031,34.0,63.48598697097789,36.825743511946484,35.87418441383521,35.86733176860656
5,61.0,49.614231586715505,58.243101767387934,59.40422621230633,59.402844707573294
1624,38.0,63.48598697097789,41.924525541096344,41.791856233105214,41.78626675563497
442,71.0,60.71163589412541,65.58336890295408,65.1027358398673,65.10371653057308
9163,76.0,46.83988050986302,74.76365028843587,75.17177331968267,75.16435878109809
8199,21.0,44.065529433010546,20.921006807215825,19.98999655261612,19.997869078476533
5539,38.0,44.065529433010546,39.2766221121553,39.29727772476027,39.298859051371
5486,38.0,60.71163589412541,38.04994594554486,37.59291574973892,37.58914825323653
8038,39.0,63.48598697097789,41.924525541096344,44.09837292066725,44.0928722624611
1384,70.0,57.93728481727293,68.84708414821239,68.39002291524731,68.39089668828527
7083,29.0,44.065529433010546,29.07905805385559,29.69325213107189,29.698419469708885
9503,41.0,60.71163589412541,37.03018953971489,39.20922036048087,39.20523257410668
7358,37.0,60.71163589412541,38.04994594554486,38.25702854414118,38.253251473336384
8589,74.0,46.83988050986302,75.78340669426584,75.43633663165423,75.42868736921467
3704,32.0,60.71163589412541,31.931407510565037,32.58439143210393,32.579495016787874
1738,27.0,52.38858266356798,28.46571997055037,27.95504490887875,27.95703879920407
2040,83.0,55.162933740420456,82.30836345177042,82.52664318294667,82.52663397712901
4180,69.0,63.48598697097789,70.47770490433552,72.33467690539858,72.33654048300353
1534,56.0,57.93728481727293,58.649520089912684,59.46100010266014,59.46108781140749
718,45.0,52.38858266356798,46.821335275489844,45.876048701037625,45.87660197052749
999,71.0,49.614231586715505,69.46042223151761,70.46779027287963,70.46434476510969
6134,72.0,49.614231586715505,71.49993504317756,73.6533680744318,73.64959111449255
6858,68.0,60.71163589412541,67.62288171461401,67.70351697950474,67.70481557166947
1501,29.0,57.93728481727293,32.13585353833345,31.68488096399223,31.682803066036875
1510,62.0,60.71163589412541,56.40556125048434,56.54297430282314,56.54222210605312
279,47.0,63.48598697097789,46.00355116441622,46.78762444292322,46.783270479516325
8564,49.0,57.93728481727293,46.41244321995303,47.81921005785114,47.81830103504714
7124,57.0,44.065529433010546,54.57296819960486,55.96678848815021,55.962983848624056
8237,73.0,49.614231586715505,74.55920426066747,73.14369862053475,73.13921160137333
8347,82.0,55.162933740420456,83.32811985760038,82.83425080962292,82.83436708643725
8329,24.0,52.38858266356798,25.406450753060458,25.190796563155182,25.19308410318671
7825,89.0,63.48598697097789,89.85307661510498,87.89954901761172,87.90640630635161
4532,68.0,49.614231586715505,69.46042223151761,67.9119195690649,67.90845310070601
4812,18.0,46.83988050986302,19.696804373617447,18.957157984512563,18.96414093383251
1664,82.0,57.93728481727293,84.14343023566195,84.4021933811568,84.40455866689405
7984,64.0,46.83988050986302,65.58584263596613,63.85034700936691,63.84539233524369
4657,36.0,57.93728481727293,35.19512275582336,36.75564599727784,36.7538921471312
2171,52.0,49.614231586715505,52.12456333240811,51.648528965784685,51.648109427775545
7828,82.0,63.48598697097789,78.63575615097528,80.29443248480914,80.2984044368223
2427,54.0,66.26033804783036,48.85837435413773,50.64268548183041,50.63672150661076
7242,42.0,55.162933740420456,45.59713284189147,44.0131769445438,44.01308130101522
669,54.0,55.162933740420456,53.75518408853124,53.615336417114136,53.61533202855694
6255,78.0,60.71163589412541,78.8402021787437,78.42752090463887,78.43072236788073
4858,84.0,55.162933740420456,84.34787626343036,83.88940485296608,83.88935953677881
9839,72.0,60.71163589412541,73.74142014959384,74.12009865052292,74.12252512082944
7233,35.0,46.83988050986302,37.03266327272695,38.45142207270871,38.45391580633055
4286,42.0,49.614231586715505,38.867730056618484,39.69913129429945,39.700939104362206
3160,21.0,52.38858266356798,23.36693794140052,21.474356401091917,21.476883867273635
2368,66.0,46.83988050986302,70.68462466511599,69.27342828590868,69.26701599598405
2351,74.0,49.614231586715505,72.51969144900752,73.8598795952226,73.85602758335546
1528,20.0,46.83988050986302,18.67704796778748,19.53763533740736,19.54488578602244
3927,51.0,66.26033804783036,53.95715638328758,52.3149208996441,52.31065781219749
2675,54.0,49.614231586715505,55.18383254989802,53.737774530407044,53.736761661126245
2838,71.0,49.614231586715505,69.46042223151761,70.2764880478077,70.27303887316096
2266,52.0,66.26033804783036,53.95715638328758,54.376201060730594,54.37188254156726
3039,74.0,66.26033804783036,74.35228449988699,73.95236485386624,73.9552358569478
8850,50.0,52.38858266356798,50.90036089880973,50.75305832134943,50.75311077794997
1059,63.0,66.26033804783036,60.07569481826741,60.410178281604914,60.408038063331425
1082,37.0,55.162933740420456,36.41932518942173,36.29433858258886,36.29434157143307
1819,52.0,63.48598697097789,51.10233319356608,51.589637239767406,51.58657539347722
6094,44.0,57.93728481727293,43.35317400246312,43.02995336882394,43.02870339015522
1297,65.0,55.162933740420456,63.95274814683094,63.66679074904894,63.66691893807106
9344,49.0,52.38858266356798,50.90036089880973,50.52548427849464,50.52569422725521
6631,63.0,46.83988050986302,62.52657341847622,60.79370033268597,60.78954027783336
5658,25.0,44.065529433010546,26.019788836365677,26.918113798649376,26.92432328762638
4952,87.0,66.26033804783036,89.64863058733656,91.2066722791709,91.214790698505
2508,49.0,49.614231586715505,49.065294114918196,47.48034075645507,47.48026823829347
528,67.0,52.38858266356798,63.13743776876938,62.167274323303644,62.16636549061223
9051,56.0,44.065529433010546,57.63223741709477,58.53973460880186,58.53483933531645
5121,82.0,55.162933740420456,85.36763266926033,84.27632861212986,84.27634338689933
1220,46.0,46.83988050986302,46.21047092519669,45.75138416673694,45.75155314114047
4407,46.0,60.71163589412541,43.148727974694715,44.4562087076696,44.4532371646915
4435,65.0,52.38858266356798,68.23621979791923,69.0051854501504,69.00395635113549
6136,60.0,60.71163589412541,53.34629203299443,53.39612150695572,53.39486230876205
333,38.0,63.48598697097789,38.86525632360643,38.442811225466926,38.436401823828376
8465,76.0,60.71163589412541,75.78093296125378,76.52957756508843,76.5323182699771
6241,60.0,55.162933740420456,63.95274814683094,63.88347480520478,63.88340068532444
3606,33.0,55.162933740420456,31.32054316027188,32.73034525536271,32.73037974904529
4810,69.0,44.065529433010546,69.86931428705442,70.14525283582799,70.13622667042246
7895,39.0,66.26033804783036,37.64105389000805,39.19651697111326,39.186792004417796
4157,74.0,44.065529433010546,69.86931428705442,70.09131853442437,70.08215178491483
3622,50.0,57.93728481727293,49.471712437442946,49.669991592919764,49.66939523163794
4395,42.0,63.48598697097789,40.90476913526637,41.62838902701909,41.62252963696262
675,49.0,44.065529433010546,49.474186170455006,49.77849831132074,49.77657735196448
5991,63.0,49.614231586715505,66.4011530140277,65.28503914700963,65.28199385025515
3390,32.0,52.38858266356798,35.604014811360166,33.70094310781565,33.70240760991824
1138,63.0,49.614231586715505,67.42090941985767,67.50566902440511,67.50260958630041
9048,57.0,44.065529433010546,55.59272460543483,55.44436292643618,55.440131115687805
5034,71.0,49.614231586715505,66.4011530140277,67.02853914605484,67.02561648467649
437,48.0,60.71163589412541,49.26726640967454,48.68863413831795,48.68673202990386
491,16.0,44.065529433010546,16.84198118389594,17.311635017059103,17.320873763366563
2195,63.0,63.48598697097789,65.37892287518567,66.19354853305093,66.19409432540154
4829,84.0,66.26033804783036,84.54984855818671,84.32159934784232,84.32795071641587
5703,57.0,57.93728481727293,56.610007278252745,57.960870508972434,57.96095495256632
5766,35.0,49.614231586715505,33.76894802746863,33.82862127951125,33.83125323889968
9991,83.0,55.162933740420456,83.32811985760038,83.73682763357891,83.73682166067326
